Character Number	State Number	Curator 1 EQ Number	Curator 2 EQ Number	SimJ Score	NIC Score
188	2	CP_EQ_1	EQ_1	0.42857142857142855	0.8013238666558348
188	1	CP_EQ_1	EQ_1	0.42857142857142855	0.8013238666558348
188	0	CP_EQ_1	EQ_1	1.0	0.8381681615604518
186	2	CP_EQ_1	EQ_1	0.06666666666666667	0.4226012675740767
186	2	CP_EQ_2	EQ_1	0.0	0.0
186	1	CP_EQ_1	EQ_1	0.1111111111111111	0.7552118032400745
186	1	CP_EQ_2	EQ_1	0.0	0.0
186	1	CP_EQ_3	EQ_1	0.15384615384615385	0.7781101042727059
186	1	CP_EQ_4	EQ_1	0.0	0.0
186	3	CP_EQ_1	EQ_1	0.1111111111111111	0.7552118032400745
186	3	CP_EQ_1	EQ_2	0.07392996108949416	0.4226012675740767
186	3	CP_EQ_1	EQ_3	0.4489795918367347	0.6685052658945649
186	3	CP_EQ_1	EQ_4	0.4583333333333333	0.6685052658945649
186	3	CP_EQ_2	EQ_1	0.0	0.0
186	3	CP_EQ_2	EQ_2	0.0	0.0
186	3	CP_EQ_2	EQ_3	0.0	0.0
186	3	CP_EQ_2	EQ_4	0.0	0.0
186	3	CP_EQ_3	EQ_1	0.375	0.7841668206698776
186	3	CP_EQ_3	EQ_2	0.4418604651162791	0.8210111155744947
186	3	CP_EQ_3	EQ_3	0.07432432432432433	0.4226012675740767
186	3	CP_EQ_3	EQ_4	0.07534246575342465	0.4226012675740767
186	3	CP_EQ_4	EQ_1	0.0	0.0
186	3	CP_EQ_4	EQ_2	0.0	0.0
186	3	CP_EQ_4	EQ_3	0.0	0.0
186	3	CP_EQ_4	EQ_4	0.0	0.0
186	3	CP_EQ_5	EQ_1	0.042801556420233464	0.36985085903346904
186	3	CP_EQ_5	EQ_2	0.046153846153846156	0.3882393527875019
186	3	CP_EQ_5	EQ_3	0.43243243243243246	0.689232070170145
186	3	CP_EQ_5	EQ_4	0.4444444444444444	0.689232070170145
186	0	CP_EQ_1	EQ_1	0.1111111111111111	0.7552118032400745
186	0	CP_EQ_1	EQ_2	0.07392996108949416	0.4226012675740767
186	0	CP_EQ_1	EQ_3	0.07392996108949416	0.4226012675740767
186	0	CP_EQ_2	EQ_1	0.0	0.0
186	0	CP_EQ_2	EQ_2	0.0	0.0
186	0	CP_EQ_2	EQ_3	0.0	0.0
186	0	CP_EQ_3	EQ_1	0.375	0.7841668206698776
186	0	CP_EQ_3	EQ_2	0.4418604651162791	0.8210111155744947
186	0	CP_EQ_3	EQ_3	0.3247863247863248	0.8039173118108033
186	0	CP_EQ_4	EQ_1	0.0	0.0
186	0	CP_EQ_4	EQ_2	0.0	0.0
186	0	CP_EQ_4	EQ_3	0.0	0.0
186	0	CP_EQ_5	EQ_1	0.7142857142857143	0.8310702894968192
186	0	CP_EQ_5	EQ_2	0.1986062717770035	0.4398842365304334
186	0	CP_EQ_5	EQ_3	0.1986062717770035	0.4398842365304334
186	0	CP_EQ_6	EQ_1	0.0	0.0
186	0	CP_EQ_6	EQ_2	0.0	0.0
186	0	CP_EQ_6	EQ_3	0.0	0.0
155	0	CP_EQ_1	EQ_1	0.0	0.0
155	1	CP_EQ_1	EQ_1	0.0	0.0
155	1	CP_EQ_1	EQ_2	0.0	0.0
155	1	CP_EQ_2	EQ_1	0.0	0.0
155	1	CP_EQ_2	EQ_2	0.0	0.0
43	1	CP_EQ_1	EQ_1	0.16744186046511628	0.639371631604126
43	2	CP_EQ_1	EQ_1	0.08759124087591241	0.639371631604126
43	0	CP_EQ_1	EQ_1	0.0	0.0
54	1	CP_EQ_1	EQ_1	0.0	0.0
54	0	CP_EQ_1	EQ_1	0.0	0.0
156	1	CP_EQ_1	EQ_1	1.0	0.8157785254769148
156	0	CP_EQ_1	EQ_1	1.0	0.8157785254769148
189	1	CP_EQ_1	EQ_1	0.048	0.8110151838744357
189	1	CP_EQ_2	EQ_1	0.0	0.0
189	1	CP_EQ_3	EQ_1	0.0010613457864572277	0.5785840896014144
189	1	CP_EQ_4	EQ_1	0.0	0.0
189	0	CP_EQ_1	EQ_1	0.0	0.0
189	0	CP_EQ_2	EQ_1	0.0	0.0
189	0	CP_EQ_3	EQ_1	0.0010613457864572277	0.5785840896014144
189	0	CP_EQ_4	EQ_1	0.0	0.0
29	1	CP_EQ_1	EQ_1	0.2037037037037037	0.5990085434265372
29	0	CP_EQ_1	EQ_1	0.21052631578947367	0.7657604790704121
140	1	CP_EQ_1	EQ_1	0	0
140	1	CP_EQ_2	EQ_1	0	0
140	0	CP_EQ_1	EQ_1	0	0
173	0	CP_EQ_1	EQ_1	0.43548387096774194	0.7734169035401501
173	0	CP_EQ_2	EQ_1	1.0	0.8597206924451644
173	0	CP_EQ_3	EQ_1	0.0	0.0
173	1	CP_EQ_1	EQ_1	0.43548387096774194	0.7557460296619114
173	1	CP_EQ_2	EQ_1	1.0	0.8597206924451644
173	1	CP_EQ_3	EQ_1	0.0	0.0
39	2	CP_EQ_1	EQ_1	0.0	0.0
39	2	CP_EQ_1	EQ_2	0.0	0.0
39	2	CP_EQ_2	EQ_1	0.0	0.0
39	2	CP_EQ_2	EQ_2	0.0	0.0
39	2	CP_EQ_3	EQ_1	0.0	0.0
39	2	CP_EQ_3	EQ_2	0.0	0.0
39	3	CP_EQ_1	EQ_1	0.0	0.0
39	3	CP_EQ_1	EQ_2	0.0	0.0
39	3	CP_EQ_1	EQ_3	0.0	0.0
39	3	CP_EQ_2	EQ_1	0.0	0.0
39	3	CP_EQ_2	EQ_2	0.0	0.0
39	3	CP_EQ_2	EQ_3	0.0	0.0
39	3	CP_EQ_3	EQ_1	0	0
39	3	CP_EQ_3	EQ_2	0	0
39	3	CP_EQ_3	EQ_3	0	0
39	3	CP_EQ_4	EQ_1	0	0
39	3	CP_EQ_4	EQ_2	0	0
39	3	CP_EQ_4	EQ_3	0	0
39	3	CP_EQ_5	EQ_1	0.0	0.0
39	3	CP_EQ_5	EQ_2	0.0	0.0
39	3	CP_EQ_5	EQ_3	0.0	0.0
39	3	CP_EQ_6	EQ_1	0.0	0.0
39	3	CP_EQ_6	EQ_2	0.0	0.0
39	3	CP_EQ_6	EQ_3	0.0	0.0
39	1	CP_EQ_1	EQ_1	0.0	0.0
39	1	CP_EQ_1	EQ_2	0.0	0.0
39	1	CP_EQ_2	EQ_1	0	0
39	1	CP_EQ_2	EQ_2	0	0
39	1	CP_EQ_3	EQ_1	0	0
39	1	CP_EQ_3	EQ_2	0	0
39	0	CP_EQ_1	EQ_1	0.0	0.0
134	0	CP_EQ_1	EQ_1	0.0	0.0
134	2	CP_EQ_1	EQ_1	1.0	0.8894671152861489
134	1	CP_EQ_1	EQ_1	0.0	0.0
144	1	CP_EQ_1	EQ_1	0.0	0.0
144	1	CP_EQ_2	EQ_1	0.0	0.0
144	0	CP_EQ_1	EQ_1	0.0	0.0
144	0	CP_EQ_2	EQ_1	0.0	0.0
114	0	CP_EQ_1	EQ_1	0.2895927601809955	0.5671770311578278
114	1	CP_EQ_1	EQ_1	0.0	0.0
171	0	CP_EQ_1	EQ_1	0.12389380530973451	0.6552275943565607
171	0	CP_EQ_2	EQ_1	0.0	0.0
171	0	CP_EQ_3	EQ_1	0.12389380530973451	0.6552275943565607
171	0	CP_EQ_4	EQ_1	0.0	0.0
171	0	CP_EQ_5	EQ_1	0.0	0.0
171	1	CP_EQ_1	EQ_1	0.0	0.0
171	1	CP_EQ_2	EQ_1	0.0	0.0
171	1	CP_EQ_3	EQ_1	0.0	0.0
171	1	CP_EQ_4	EQ_1	0.0	0.0
171	1	CP_EQ_5	EQ_1	0.0	0.0
77	1	CP_EQ_1	EQ_1	0.0	0.0
77	1	CP_EQ_1	EQ_2	0.0	0.0
77	1	CP_EQ_2	EQ_1	0.0	0.0
77	1	CP_EQ_2	EQ_2	0.0	0.0
77	0	CP_EQ_1	EQ_1	0.0	0.0
77	0	CP_EQ_2	EQ_1	0.002772002772002772	0.6287760749109432
77	0	CP_EQ_3	EQ_1	0.0	0.0
41	1	CP_EQ_1	EQ_1	0.2542372881355932	0.8407616067154203
41	1	CP_EQ_1	EQ_2	0.08450704225352113	0.6074374480635577
41	0	CP_EQ_1	EQ_1	0.0	0.0
41	0	CP_EQ_1	EQ_2	0.0	0.0
24	1	CP_EQ_1	EQ_1	0.0	0.0
24	1	CP_EQ_2	EQ_1	0.0	0.0
24	1	CP_EQ_3	EQ_1	0.00022857142857142857	0.3665255477071866
24	0	CP_EQ_1	EQ_1	0.0	0.0
24	0	CP_EQ_2	EQ_1	0.0	0.0
24	0	CP_EQ_3	EQ_1	0.00022857142857142857	0.3665255477071866
191	1	CP_EQ_1	EQ_1	0.0	0.0
191	1	CP_EQ_2	EQ_1	0.0	0.0
191	1	CP_EQ_3	EQ_1	0.0	0.0
191	0	CP_EQ_1	EQ_1	0.0	0.0
191	0	CP_EQ_2	EQ_1	0.0	0.0
191	0	CP_EQ_3	EQ_1	0.0	0.0
34	2	CP_EQ_1	EQ_1	0.0	0.0
34	1	CP_EQ_1	EQ_1	0.0	0.0
34	1	CP_EQ_1	EQ_2	0.0	0.0
34	0	CP_EQ_1	EQ_1	0.0	0.0
34	3	CP_EQ_1	EQ_1	0.0	0.0
34	3	CP_EQ_1	EQ_2	0.0	0.0
1	2	CP_EQ_1	EQ_1	0.3087071240105541	0.6390120693658238
1	2	CP_EQ_1	EQ_2	0.003907302613850714	0.532061253606498
1	2	CP_EQ_2	EQ_1	0.0	0.0
1	2	CP_EQ_2	EQ_2	0.0	0.0
1	2	CP_EQ_3	EQ_1	0.0	0.0
1	2	CP_EQ_3	EQ_2	0.0	0.0
1	2	CP_EQ_4	EQ_1	0.0	0.0
1	2	CP_EQ_4	EQ_2	0.0	0.0
1	2	CP_EQ_5	EQ_1	0.0	0.0
1	2	CP_EQ_5	EQ_2	0.0	0.0
1	0	CP_EQ_1	EQ_1	0.11255411255411256	0.5897362728228136
1	0	CP_EQ_1	EQ_2	0.003907302613850714	0.532061253606498
1	0	CP_EQ_2	EQ_1	0.0	0.0
1	0	CP_EQ_2	EQ_2	0.0	0.0
1	0	CP_EQ_3	EQ_1	0.0	0.0
1	0	CP_EQ_3	EQ_2	0.0	0.0
1	0	CP_EQ_4	EQ_1	0.0	0.0
1	0	CP_EQ_4	EQ_2	0.0	0.0
1	0	CP_EQ_5	EQ_1	0.0	0.0
1	0	CP_EQ_5	EQ_2	0.0	0.0
1	0	CP_EQ_6	EQ_1	0.0	0.0
1	0	CP_EQ_6	EQ_2	0.0	0.0
1	1	CP_EQ_1	EQ_1	0.4588235294117647	0.6719427514798302
1	1	CP_EQ_1	EQ_2	0.003907302613850714	0.532061253606498
1	1	CP_EQ_2	EQ_1	0.0	0.0
1	1	CP_EQ_2	EQ_2	0.0	0.0
1	1	CP_EQ_3	EQ_1	0.0	0.0
1	1	CP_EQ_3	EQ_2	0.0	0.0
1	1	CP_EQ_4	EQ_1	0.0	0.0
1	1	CP_EQ_4	EQ_2	0.0	0.0
1	1	CP_EQ_5	EQ_1	0.0	0.0
1	1	CP_EQ_5	EQ_2	0.0	0.0
52	1	CP_EQ_1	EQ_1	0.0	0.0
52	0	CP_EQ_1	EQ_1	0.0	0.0
138	1	CP_EQ_1	EQ_1	0.5	0.7697995161520138
138	1	CP_EQ_2	EQ_1	0.2807017543859649	0.7251625016221024
138	1	CP_EQ_3	EQ_1	0.0	0.0
138	0	CP_EQ_1	EQ_1	0.5	0.7298975366215105
138	0	CP_EQ_2	EQ_1	0.2807017543859649	0.739654926044447
138	0	CP_EQ_3	EQ_1	0.0	0.0
116	0	CP_EQ_1	EQ_1	0.0004717908393945351	0.4112592194002357
116	0	CP_EQ_2	EQ_1	0.0	0.0
116	0	CP_EQ_3	EQ_1	0.0	0.0
116	0	CP_EQ_4	EQ_1	0.0	0.0
116	1	CP_EQ_1	EQ_1	0.0004717908393945351	0.4112592194002357
116	1	CP_EQ_1	EQ_2	0.0004717908393945351	0.4112592194002357
116	1	CP_EQ_2	EQ_1	0.0	0.0
116	1	CP_EQ_2	EQ_2	0.0	0.0
116	1	CP_EQ_3	EQ_1	0.0	0.0
116	1	CP_EQ_3	EQ_2	0.0	0.0
116	1	CP_EQ_4	EQ_1	0.0	0.0
116	1	CP_EQ_4	EQ_2	0.0	0.0
116	1	CP_EQ_5	EQ_1	0.0023540489642184556	0.5095641642300553
116	1	CP_EQ_5	EQ_2	0.0018823529411764706	0.43478585255525204
116	1	CP_EQ_6	EQ_1	0.0	0.0
116	1	CP_EQ_6	EQ_2	0.0	0.0
116	1	CP_EQ_7	EQ_1	0.0	0.0
116	1	CP_EQ_7	EQ_2	0.0	0.0
116	1	CP_EQ_8	EQ_1	0.0	0.0
116	1	CP_EQ_8	EQ_2	0.0	0.0
197	1	CP_EQ_1	EQ_1	0.0	0.0
197	1	CP_EQ_2	EQ_1	0.0	0.0
197	0	CP_EQ_1	EQ_1	0.0	0.0
197	0	CP_EQ_2	EQ_1	0.0	0.0
50	0	CP_EQ_1	EQ_1	0.0	0.0
50	1	CP_EQ_1	EQ_1	0.0	0.0
203	1	CP_EQ_1	EQ_1	0.0	0.0
203	0	CP_EQ_1	EQ_1	0.0	0.0
202	1	CP_EQ_1	EQ_1	0	0
202	0	CP_EQ_1	EQ_1	0	0
124	1	CP_EQ_1	EQ_1	0.0	0.0
124	1	CP_EQ_2	EQ_1	0.0	0.0
124	1	CP_EQ_3	EQ_1	0.6818181818181818	0.8463620535167237
124	0	CP_EQ_1	EQ_1	0.0	0.0
124	0	CP_EQ_2	EQ_1	0.0	0.0
124	0	CP_EQ_3	EQ_1	0.35587188612099646	0.8125560187606915
151	1	CP_EQ_1	EQ_1	0.0	0.0
151	1	CP_EQ_2	EQ_1	0.0	0.0
151	0	CP_EQ_1	EQ_1	0.0	0.0
151	0	CP_EQ_2	EQ_1	0.0	0.0
111	0	CP_EQ_1	EQ_1	0.0016018885422814265	0.47886765208805604
111	1	CP_EQ_1	EQ_1	0.00791007493755204	0.5582853658820998
111	1	CP_EQ_2	EQ_1	0.0	0.0
111	1	CP_EQ_3	EQ_1	0.0	0.0
111	1	CP_EQ_4	EQ_1	0.0	0.0
111	1	CP_EQ_5	EQ_1	0.0	0.0
111	1	CP_EQ_6	EQ_1	0.0	0.0
111	1	CP_EQ_7	EQ_1	0.0	0.0
111	1	CP_EQ_8	EQ_1	0.0	0.0
111	1	CP_EQ_9	EQ_1	0.0	0.0
111	1	CP_EQ_10	EQ_1	0.0	0.0
111	1	CP_EQ_11	EQ_1	0.0	0.0
111	1	CP_EQ_12	EQ_1	0.0	0.0
110	2	CP_EQ_1	EQ_1	0.0	0.0
110	1	CP_EQ_1	EQ_1	0.0	0.0
110	1	CP_EQ_2	EQ_1	0.0	0.0
110	0	CP_EQ_1	EQ_1	0.0	0.0
92	0	CP_EQ_1	EQ_1	0.0	0.0
92	0	CP_EQ_1	EQ_2	0.0	0.0
92	0	CP_EQ_1	EQ_3	0.0	0.0
92	0	CP_EQ_2	EQ_1	0.0	0.0
92	0	CP_EQ_2	EQ_2	0.0	0.0
92	0	CP_EQ_2	EQ_3	0.0	0.0
92	0	CP_EQ_3	EQ_1	0.2867132867132867	0.7814861645330097
92	0	CP_EQ_3	EQ_2	0.125	0.6517009089473563
92	0	CP_EQ_3	EQ_3	0.1111111111111111	0.6517009089473563
92	0	CP_EQ_4	EQ_1	0.07032590051457976	0.584239921817104
92	0	CP_EQ_4	EQ_2	1.0	0.8434881059612479
92	0	CP_EQ_4	EQ_3	0.2222222222222222	0.6526187173299369
92	0	CP_EQ_5	EQ_1	0.0	0.0
92	0	CP_EQ_5	EQ_2	0.0	0.0
92	0	CP_EQ_5	EQ_3	0.0	0.0
92	1	CP_EQ_1	EQ_1	0.09606299212598425	0.6083353031306579
92	1	CP_EQ_1	EQ_2	0.003401911550299692	0.6628840188262991
92	1	CP_EQ_2	EQ_1	0.125	0.6517009089473563
92	1	CP_EQ_2	EQ_2	0.002716840355216739	0.6083353031306579
92	1	CP_EQ_3	EQ_1	0.005525862849895824	0.61073626332751
92	1	CP_EQ_3	EQ_2	0.8936170212765957	0.8725396812405707
92	1	CP_EQ_4	EQ_1	0.6666666666666666	0.8141428554512411
92	1	CP_EQ_4	EQ_2	0.005432579258898889	0.61073626332751
57	1	CP_EQ_1	EQ_1	0.0	0.0
57	1	CP_EQ_2	EQ_1	0.0	0.0
57	0	CP_EQ_1	EQ_1	0.0	0.0
57	0	CP_EQ_2	EQ_1	0.3741496598639456	0.8268156128434346
120	0	CP_EQ_1	EQ_1	0.9139784946236559	0.7860321026359302
120	0	CP_EQ_2	EQ_1	0.0	0.0
120	0	CP_EQ_3	EQ_1	0.0	0.0
120	0	CP_EQ_4	EQ_1	0.9139784946236559	0.7860321026359302
120	1	CP_EQ_1	EQ_1	0.0	0.0
120	1	CP_EQ_2	EQ_1	0.0	0.0
120	1	CP_EQ_3	EQ_1	0.0	0.0
120	1	CP_EQ_4	EQ_1	0.0	0.0
121	0	CP_EQ_1	EQ_1	0.01651376146788991	0.3714102989829223
121	0	CP_EQ_2	EQ_1	0.04456824512534819	0.8125560187606915
121	1	CP_EQ_1	EQ_1	0.018329938900203666	0.3714102989829223
121	1	CP_EQ_2	EQ_1	0.050314465408805034	0.8125560187606915
117	1	CP_EQ_1	EQ_1	0.0	0.0
117	1	CP_EQ_1	EQ_2	0.0	0.0
117	0	CP_EQ_1	EQ_1	0.0	0.0
117	0	CP_EQ_1	EQ_2	0.0	0.0
63	1	CP_EQ_1	EQ_1	1.0	0.7562856797949457
63	1	CP_EQ_1	EQ_2	0.005681818181818182	0.7191708749856762
63	1	CP_EQ_2	EQ_1	0.0	0.0
63	1	CP_EQ_2	EQ_2	0.0	0.0
63	0	CP_EQ_1	EQ_1	1.0	0.8636599077480517
48	1	CP_EQ_1	EQ_1	0.0	0.0
48	1	CP_EQ_1	EQ_2	0.014519056261343012	0.6090782706227545
48	1	CP_EQ_1	EQ_3	0.0003322889964872306	0.6186269442553477
48	1	CP_EQ_2	EQ_1	0.09090909090909091	0.7130602214133601
48	1	CP_EQ_2	EQ_2	0.12612612612612611	0.7691046685903521
48	1	CP_EQ_2	EQ_3	0.002296157450796626	0.600869805648833
48	1	CP_EQ_3	EQ_1	0.21428571428571427	0.7202612738682598
48	1	CP_EQ_3	EQ_2	0.5104166666666666	0.8039173118108033
48	1	CP_EQ_3	EQ_3	0.006782945736434108	0.6018699861106871
48	1	CP_EQ_4	EQ_1	0.0	0.0
48	1	CP_EQ_4	EQ_2	0.0	0.0
48	1	CP_EQ_4	EQ_3	0.0	0.0
48	1	CP_EQ_5	EQ_1	0.09090909090909091	0.7130602214133601
48	1	CP_EQ_5	EQ_2	0.12612612612612611	0.7691046685903521
48	1	CP_EQ_5	EQ_3	0.002296157450796626	0.600869805648833
48	0	CP_EQ_1	EQ_1	0.0	0.0
48	0	CP_EQ_1	EQ_2	0.0	0.0
48	0	CP_EQ_2	EQ_1	0.0	0.0
48	0	CP_EQ_2	EQ_2	0.0	0.0
48	0	CP_EQ_3	EQ_1	0.0	0.0
48	0	CP_EQ_3	EQ_2	0.0	0.0
48	2	CP_EQ_1	EQ_1	0.0	0.0
48	2	CP_EQ_1	EQ_2	0.014059753954305799	0.6090782706227545
48	2	CP_EQ_1	EQ_3	0.0003322889964872306	0.6186269442553477
48	2	CP_EQ_2	EQ_1	0.1111111111111111	0.7130602214133601
48	2	CP_EQ_2	EQ_2	0.12327044025157233	0.7691046685903521
48	2	CP_EQ_2	EQ_3	0.002296157450796626	0.600869805648833
48	2	CP_EQ_3	EQ_1	0.25	0.7202612738682598
48	2	CP_EQ_3	EQ_2	0.5	0.8039173118108033
48	2	CP_EQ_3	EQ_3	0.006782945736434108	0.6018699861106871
48	2	CP_EQ_4	EQ_1	0.0	0.0
48	2	CP_EQ_4	EQ_2	0.0	0.0
48	2	CP_EQ_4	EQ_3	0.0	0.0
48	2	CP_EQ_5	EQ_1	1.0	0.8494003136653085
48	2	CP_EQ_5	EQ_2	0.16013071895424835	0.6018699861106871
48	2	CP_EQ_5	EQ_3	0.00917388251813714	0.6040522571552838
48	2	CP_EQ_6	EQ_1	0.1111111111111111	0.7130602214133601
48	2	CP_EQ_6	EQ_2	0.12327044025157233	0.7691046685903521
48	2	CP_EQ_6	EQ_3	0.002296157450796626	0.600869805648833
90	1	CP_EQ_1	EQ_1	0.0	0.0
90	1	CP_EQ_2	EQ_1	0.0009303407372950343	0.4250879170908517
90	0	CP_EQ_1	EQ_1	0.0	0.0
90	0	CP_EQ_2	EQ_1	0.0009303407372950343	0.4250879170908517
168	1	CP_EQ_1	EQ_1	0	0
168	1	CP_EQ_2	EQ_1	0	0
168	0	CP_EQ_1	EQ_1	0.054016620498614956	0.588267742616766
168	0	CP_EQ_2	EQ_1	0.0	0.0
168	0	CP_EQ_3	EQ_1	0.0	0.0
19	1	CP_EQ_1	EQ_1	0.0	0.0
19	1	CP_EQ_2	EQ_1	0.0	0.0
19	1	CP_EQ_3	EQ_1	0.0	0.0
19	2	CP_EQ_1	EQ_1	0.0	0.0
19	2	CP_EQ_2	EQ_1	0.0	0.0
19	2	CP_EQ_3	EQ_1	0.0	0.0
19	0	CP_EQ_1	EQ_1	0.0	0.0
19	0	CP_EQ_2	EQ_1	0.0	0.0
19	0	CP_EQ_3	EQ_1	0.0	0.0
2	1	CP_EQ_1	EQ_1	0.0	0.0
2	1	CP_EQ_1	EQ_2	0.0	0.0
2	1	CP_EQ_1	EQ_3	0.0	0.0
2	1	CP_EQ_2	EQ_1	0.0	0.0
2	1	CP_EQ_2	EQ_2	0.0	0.0
2	1	CP_EQ_2	EQ_3	0.0	0.0
2	1	CP_EQ_3	EQ_1	0.0	0.0
2	1	CP_EQ_3	EQ_2	0.0	0.0
2	1	CP_EQ_3	EQ_3	0.0	0.0
2	1	CP_EQ_4	EQ_1	0.0	0.0
2	1	CP_EQ_4	EQ_2	0.0	0.0
2	1	CP_EQ_4	EQ_3	0.0	0.0
2	1	CP_EQ_5	EQ_1	0.0	0.0
2	1	CP_EQ_5	EQ_2	0.0	0.0
2	1	CP_EQ_5	EQ_3	0.0	0.0
2	1	CP_EQ_6	EQ_1	0.0	0.0
2	1	CP_EQ_6	EQ_2	0.0	0.0
2	1	CP_EQ_6	EQ_3	0.0	0.0
2	1	CP_EQ_7	EQ_1	0.0	0.0
2	1	CP_EQ_7	EQ_2	0.0	0.0
2	1	CP_EQ_7	EQ_3	0.0	0.0
2	1	CP_EQ_8	EQ_1	0.0	0.0
2	1	CP_EQ_8	EQ_2	0.0	0.0
2	1	CP_EQ_8	EQ_3	0.0	0.0
2	1	CP_EQ_9	EQ_1	0.0	0.0
2	1	CP_EQ_9	EQ_2	0.0	0.0
2	1	CP_EQ_9	EQ_3	0.0	0.0
2	1	CP_EQ_10	EQ_1	0.0	0.0
2	1	CP_EQ_10	EQ_2	0.0	0.0
2	1	CP_EQ_10	EQ_3	0.0	0.0
2	1	CP_EQ_11	EQ_1	0.0	0.0
2	1	CP_EQ_11	EQ_2	0.0	0.0
2	1	CP_EQ_11	EQ_3	0.0	0.0
2	1	CP_EQ_12	EQ_1	0.0	0.0
2	1	CP_EQ_12	EQ_2	0.0	0.0
2	1	CP_EQ_12	EQ_3	0.0	0.0
2	1	CP_EQ_13	EQ_1	0.0	0.0
2	1	CP_EQ_13	EQ_2	0.0	0.0
2	1	CP_EQ_13	EQ_3	0.0	0.0
2	1	CP_EQ_14	EQ_1	0.0	0.0
2	1	CP_EQ_14	EQ_2	0.0	0.0
2	1	CP_EQ_14	EQ_3	0.0	0.0
2	1	CP_EQ_15	EQ_1	0.0	0.0
2	1	CP_EQ_15	EQ_2	0.0	0.0
2	1	CP_EQ_15	EQ_3	0.0	0.0
2	1	CP_EQ_16	EQ_1	0.0	0.0
2	1	CP_EQ_16	EQ_2	0.0	0.0
2	1	CP_EQ_16	EQ_3	0.0	0.0
2	1	CP_EQ_17	EQ_1	0.0	0.0
2	1	CP_EQ_17	EQ_2	0.0	0.0
2	1	CP_EQ_17	EQ_3	0.0	0.0
2	1	CP_EQ_18	EQ_1	0.0	0.0
2	1	CP_EQ_18	EQ_2	0.0	0.0
2	1	CP_EQ_18	EQ_3	0.0	0.0
2	1	CP_EQ_19	EQ_1	0.0	0.0
2	1	CP_EQ_19	EQ_2	0.0	0.0
2	1	CP_EQ_19	EQ_3	0.0	0.0
2	1	CP_EQ_20	EQ_1	0.0	0.0
2	1	CP_EQ_20	EQ_2	0.0	0.0
2	1	CP_EQ_20	EQ_3	0.0	0.0
2	1	CP_EQ_21	EQ_1	0.0	0.0
2	1	CP_EQ_21	EQ_2	0.0	0.0
2	1	CP_EQ_21	EQ_3	0.0	0.0
2	1	CP_EQ_22	EQ_1	0.0	0.0
2	1	CP_EQ_22	EQ_2	0.0	0.0
2	1	CP_EQ_22	EQ_3	0.0	0.0
2	1	CP_EQ_23	EQ_1	0.0	0.0
2	1	CP_EQ_23	EQ_2	0.0	0.0
2	1	CP_EQ_23	EQ_3	0.0	0.0
2	1	CP_EQ_24	EQ_1	0.0	0.0
2	1	CP_EQ_24	EQ_2	0.0	0.0
2	1	CP_EQ_24	EQ_3	0.0	0.0
2	1	CP_EQ_25	EQ_1	0.0	0.0
2	1	CP_EQ_25	EQ_2	0.0	0.0
2	1	CP_EQ_25	EQ_3	0.0	0.0
2	1	CP_EQ_26	EQ_1	0.0	0.0
2	1	CP_EQ_26	EQ_2	0.0	0.0
2	1	CP_EQ_26	EQ_3	0.0	0.0
2	1	CP_EQ_27	EQ_1	0.0	0.0
2	1	CP_EQ_27	EQ_2	0.0	0.0
2	1	CP_EQ_27	EQ_3	0.0	0.0
2	1	CP_EQ_28	EQ_1	0.0	0.0
2	1	CP_EQ_28	EQ_2	0.0	0.0
2	1	CP_EQ_28	EQ_3	0.0	0.0
2	1	CP_EQ_29	EQ_1	0.0	0.0
2	1	CP_EQ_29	EQ_2	0.0	0.0
2	1	CP_EQ_29	EQ_3	0.0	0.0
2	1	CP_EQ_30	EQ_1	0.0	0.0
2	1	CP_EQ_30	EQ_2	0.0	0.0
2	1	CP_EQ_30	EQ_3	0.0	0.0
2	1	CP_EQ_31	EQ_1	0.0	0.0
2	1	CP_EQ_31	EQ_2	0.0	0.0
2	1	CP_EQ_31	EQ_3	0.0	0.0
2	1	CP_EQ_32	EQ_1	0.0	0.0
2	1	CP_EQ_32	EQ_2	0.0	0.0
2	1	CP_EQ_32	EQ_3	0.0	0.0
2	1	CP_EQ_33	EQ_1	0.0	0.0
2	1	CP_EQ_33	EQ_2	0.0	0.0
2	1	CP_EQ_33	EQ_3	0.0	0.0
2	1	CP_EQ_34	EQ_1	0.0	0.0
2	1	CP_EQ_34	EQ_2	0.0	0.0
2	1	CP_EQ_34	EQ_3	0.0	0.0
2	1	CP_EQ_35	EQ_1	0.0	0.0
2	1	CP_EQ_35	EQ_2	0.0	0.0
2	1	CP_EQ_35	EQ_3	0.0	0.0
2	1	CP_EQ_36	EQ_1	0.0	0.0
2	1	CP_EQ_36	EQ_2	0.0	0.0
2	1	CP_EQ_36	EQ_3	0.0	0.0
2	1	CP_EQ_37	EQ_1	0.0	0.0
2	1	CP_EQ_37	EQ_2	0.0	0.0
2	1	CP_EQ_37	EQ_3	0.0	0.0
2	1	CP_EQ_38	EQ_1	0.0	0.0
2	1	CP_EQ_38	EQ_2	0.0	0.0
2	1	CP_EQ_38	EQ_3	0.0	0.0
2	1	CP_EQ_39	EQ_1	0.0	0.0
2	1	CP_EQ_39	EQ_2	0.0	0.0
2	1	CP_EQ_39	EQ_3	0.0	0.0
2	1	CP_EQ_40	EQ_1	0.0	0.0
2	1	CP_EQ_40	EQ_2	0.0	0.0
2	1	CP_EQ_40	EQ_3	0.0	0.0
2	1	CP_EQ_41	EQ_1	0.0	0.0
2	1	CP_EQ_41	EQ_2	0.0	0.0
2	1	CP_EQ_41	EQ_3	0.0	0.0
2	1	CP_EQ_42	EQ_1	0.0	0.0
2	1	CP_EQ_42	EQ_2	0.0	0.0
2	1	CP_EQ_42	EQ_3	0.0	0.0
2	1	CP_EQ_43	EQ_1	0.0	0.0
2	1	CP_EQ_43	EQ_2	0.0	0.0
2	1	CP_EQ_43	EQ_3	0.0	0.0
2	1	CP_EQ_44	EQ_1	0.0	0.0
2	1	CP_EQ_44	EQ_2	0.0	0.0
2	1	CP_EQ_44	EQ_3	0.0	0.0
2	1	CP_EQ_45	EQ_1	0.0	0.0
2	1	CP_EQ_45	EQ_2	0.0	0.0
2	1	CP_EQ_45	EQ_3	0.0	0.0
2	1	CP_EQ_46	EQ_1	0.0	0.0
2	1	CP_EQ_46	EQ_2	0.0	0.0
2	1	CP_EQ_46	EQ_3	0.0	0.0
2	1	CP_EQ_47	EQ_1	0.0	0.0
2	1	CP_EQ_47	EQ_2	0.0	0.0
2	1	CP_EQ_47	EQ_3	0.0	0.0
2	1	CP_EQ_48	EQ_1	0.0	0.0
2	1	CP_EQ_48	EQ_2	0.0	0.0
2	1	CP_EQ_48	EQ_3	0.0	0.0
2	1	CP_EQ_49	EQ_1	0.0	0.0
2	1	CP_EQ_49	EQ_2	0.0	0.0
2	1	CP_EQ_49	EQ_3	0.0	0.0
2	1	CP_EQ_50	EQ_1	0.0	0.0
2	1	CP_EQ_50	EQ_2	0.0	0.0
2	1	CP_EQ_50	EQ_3	0.0	0.0
2	1	CP_EQ_51	EQ_1	0.0	0.0
2	1	CP_EQ_51	EQ_2	0.0	0.0
2	1	CP_EQ_51	EQ_3	0.0	0.0
2	1	CP_EQ_52	EQ_1	0.0	0.0
2	1	CP_EQ_52	EQ_2	0.0	0.0
2	1	CP_EQ_52	EQ_3	0.0	0.0
2	1	CP_EQ_53	EQ_1	0.0	0.0
2	1	CP_EQ_53	EQ_2	0.0	0.0
2	1	CP_EQ_53	EQ_3	0.0	0.0
2	1	CP_EQ_54	EQ_1	0.0	0.0
2	1	CP_EQ_54	EQ_2	0.0	0.0
2	1	CP_EQ_54	EQ_3	0.0	0.0
2	1	CP_EQ_55	EQ_1	0.0	0.0
2	1	CP_EQ_55	EQ_2	0.0	0.0
2	1	CP_EQ_55	EQ_3	0.0	0.0
2	1	CP_EQ_56	EQ_1	0.0	0.0
2	1	CP_EQ_56	EQ_2	0.0	0.0
2	1	CP_EQ_56	EQ_3	0.0	0.0
2	1	CP_EQ_57	EQ_1	0.0	0.0
2	1	CP_EQ_57	EQ_2	0.0	0.0
2	1	CP_EQ_57	EQ_3	0.0	0.0
2	1	CP_EQ_58	EQ_1	0.0	0.0
2	1	CP_EQ_58	EQ_2	0.0	0.0
2	1	CP_EQ_58	EQ_3	0.0	0.0
2	1	CP_EQ_59	EQ_1	0.0	0.0
2	1	CP_EQ_59	EQ_2	0.0	0.0
2	1	CP_EQ_59	EQ_3	0.0	0.0
2	1	CP_EQ_60	EQ_1	0.0	0.0
2	1	CP_EQ_60	EQ_2	0.0	0.0
2	1	CP_EQ_60	EQ_3	0.0	0.0
2	1	CP_EQ_61	EQ_1	0.0	0.0
2	1	CP_EQ_61	EQ_2	0.0	0.0
2	1	CP_EQ_61	EQ_3	0.0	0.0
2	1	CP_EQ_62	EQ_1	0.0	0.0
2	1	CP_EQ_62	EQ_2	0.0	0.0
2	1	CP_EQ_62	EQ_3	0.0	0.0
2	1	CP_EQ_63	EQ_1	0.0	0.0
2	1	CP_EQ_63	EQ_2	0.0	0.0
2	1	CP_EQ_63	EQ_3	0.0	0.0
2	1	CP_EQ_64	EQ_1	0.0	0.0
2	1	CP_EQ_64	EQ_2	0.0	0.0
2	1	CP_EQ_64	EQ_3	0.0	0.0
2	1	CP_EQ_65	EQ_1	0.0	0.0
2	1	CP_EQ_65	EQ_2	0.0	0.0
2	1	CP_EQ_65	EQ_3	0.0	0.0
2	1	CP_EQ_66	EQ_1	0.0	0.0
2	1	CP_EQ_66	EQ_2	0.0	0.0
2	1	CP_EQ_66	EQ_3	0.0	0.0
2	1	CP_EQ_67	EQ_1	0.0	0.0
2	1	CP_EQ_67	EQ_2	0.0	0.0
2	1	CP_EQ_67	EQ_3	0.0	0.0
2	1	CP_EQ_68	EQ_1	0.0	0.0
2	1	CP_EQ_68	EQ_2	0.0	0.0
2	1	CP_EQ_68	EQ_3	0.0	0.0
2	1	CP_EQ_69	EQ_1	0.0	0.0
2	1	CP_EQ_69	EQ_2	0.0	0.0
2	1	CP_EQ_69	EQ_3	0.0	0.0
2	1	CP_EQ_70	EQ_1	0.0	0.0
2	1	CP_EQ_70	EQ_2	0.0	0.0
2	1	CP_EQ_70	EQ_3	0.0	0.0
2	1	CP_EQ_71	EQ_1	0.0	0.0
2	1	CP_EQ_71	EQ_2	0.0	0.0
2	1	CP_EQ_71	EQ_3	0.0	0.0
2	1	CP_EQ_72	EQ_1	0.0	0.0
2	1	CP_EQ_72	EQ_2	0.0	0.0
2	1	CP_EQ_72	EQ_3	0.0	0.0
2	1	CP_EQ_73	EQ_1	0.0	0.0
2	1	CP_EQ_73	EQ_2	0.0	0.0
2	1	CP_EQ_73	EQ_3	0.0	0.0
2	1	CP_EQ_74	EQ_1	0.0	0.0
2	1	CP_EQ_74	EQ_2	0.0	0.0
2	1	CP_EQ_74	EQ_3	0.0	0.0
2	1	CP_EQ_75	EQ_1	0.0	0.0
2	1	CP_EQ_75	EQ_2	0.0	0.0
2	1	CP_EQ_75	EQ_3	0.0	0.0
2	1	CP_EQ_76	EQ_1	0.0	0.0
2	1	CP_EQ_76	EQ_2	0.0	0.0
2	1	CP_EQ_76	EQ_3	0.0	0.0
2	1	CP_EQ_77	EQ_1	0.0	0.0
2	1	CP_EQ_77	EQ_2	0.0	0.0
2	1	CP_EQ_77	EQ_3	0.0	0.0
2	1	CP_EQ_78	EQ_1	0.0	0.0
2	1	CP_EQ_78	EQ_2	0.0	0.0
2	1	CP_EQ_78	EQ_3	0.0	0.0
2	1	CP_EQ_79	EQ_1	0.0	0.0
2	1	CP_EQ_79	EQ_2	0.0	0.0
2	1	CP_EQ_79	EQ_3	0.0	0.0
2	1	CP_EQ_80	EQ_1	0.0	0.0
2	1	CP_EQ_80	EQ_2	0.0	0.0
2	1	CP_EQ_80	EQ_3	0.0	0.0
2	1	CP_EQ_81	EQ_1	0.0	0.0
2	1	CP_EQ_81	EQ_2	0.0	0.0
2	1	CP_EQ_81	EQ_3	0.0	0.0
2	1	CP_EQ_82	EQ_1	0.0	0.0
2	1	CP_EQ_82	EQ_2	0.0	0.0
2	1	CP_EQ_82	EQ_3	0.0	0.0
2	1	CP_EQ_83	EQ_1	0.0	0.0
2	1	CP_EQ_83	EQ_2	0.0	0.0
2	1	CP_EQ_83	EQ_3	0.0	0.0
2	1	CP_EQ_84	EQ_1	0.0	0.0
2	1	CP_EQ_84	EQ_2	0.0	0.0
2	1	CP_EQ_84	EQ_3	0.0	0.0
2	1	CP_EQ_85	EQ_1	0.0	0.0
2	1	CP_EQ_85	EQ_2	0.0	0.0
2	1	CP_EQ_85	EQ_3	0.0	0.0
2	1	CP_EQ_86	EQ_1	0.0	0.0
2	1	CP_EQ_86	EQ_2	0.0	0.0
2	1	CP_EQ_86	EQ_3	0.0	0.0
2	1	CP_EQ_87	EQ_1	0.0	0.0
2	1	CP_EQ_87	EQ_2	0.0	0.0
2	1	CP_EQ_87	EQ_3	0.0	0.0
2	1	CP_EQ_88	EQ_1	0.0	0.0
2	1	CP_EQ_88	EQ_2	0.0	0.0
2	1	CP_EQ_88	EQ_3	0.0	0.0
2	1	CP_EQ_89	EQ_1	0.0	0.0
2	1	CP_EQ_89	EQ_2	0.0	0.0
2	1	CP_EQ_89	EQ_3	0.0	0.0
2	1	CP_EQ_90	EQ_1	0.0	0.0
2	1	CP_EQ_90	EQ_2	0.0	0.0
2	1	CP_EQ_90	EQ_3	0.0	0.0
2	1	CP_EQ_91	EQ_1	0.0	0.0
2	1	CP_EQ_91	EQ_2	0.0	0.0
2	1	CP_EQ_91	EQ_3	0.0	0.0
2	1	CP_EQ_92	EQ_1	0.0	0.0
2	1	CP_EQ_92	EQ_2	0.0	0.0
2	1	CP_EQ_92	EQ_3	0.0	0.0
2	1	CP_EQ_93	EQ_1	0.0	0.0
2	1	CP_EQ_93	EQ_2	0.0	0.0
2	1	CP_EQ_93	EQ_3	0.0	0.0
2	1	CP_EQ_94	EQ_1	0.0	0.0
2	1	CP_EQ_94	EQ_2	0.0	0.0
2	1	CP_EQ_94	EQ_3	0.0	0.0
2	1	CP_EQ_95	EQ_1	0.0	0.0
2	1	CP_EQ_95	EQ_2	0.0	0.0
2	1	CP_EQ_95	EQ_3	0.0	0.0
2	1	CP_EQ_96	EQ_1	0.0	0.0
2	1	CP_EQ_96	EQ_2	0.0	0.0
2	1	CP_EQ_96	EQ_3	0.0	0.0
2	1	CP_EQ_97	EQ_1	0.0	0.0
2	1	CP_EQ_97	EQ_2	0.0	0.0
2	1	CP_EQ_97	EQ_3	0.0	0.0
2	1	CP_EQ_98	EQ_1	0.0	0.0
2	1	CP_EQ_98	EQ_2	0.0	0.0
2	1	CP_EQ_98	EQ_3	0.0	0.0
2	1	CP_EQ_99	EQ_1	0.0	0.0
2	1	CP_EQ_99	EQ_2	0.0	0.0
2	1	CP_EQ_99	EQ_3	0.0	0.0
2	1	CP_EQ_100	EQ_1	0.0	0.0
2	1	CP_EQ_100	EQ_2	0.0	0.0
2	1	CP_EQ_100	EQ_3	0.0	0.0
2	1	CP_EQ_101	EQ_1	0.0	0.0
2	1	CP_EQ_101	EQ_2	0.0	0.0
2	1	CP_EQ_101	EQ_3	0.0	0.0
2	1	CP_EQ_102	EQ_1	0.0	0.0
2	1	CP_EQ_102	EQ_2	0.0	0.0
2	1	CP_EQ_102	EQ_3	0.0	0.0
2	1	CP_EQ_103	EQ_1	0.0	0.0
2	1	CP_EQ_103	EQ_2	0.0	0.0
2	1	CP_EQ_103	EQ_3	0.0	0.0
2	1	CP_EQ_104	EQ_1	0.0	0.0
2	1	CP_EQ_104	EQ_2	0.0	0.0
2	1	CP_EQ_104	EQ_3	0.0	0.0
2	1	CP_EQ_105	EQ_1	0.0	0.0
2	1	CP_EQ_105	EQ_2	0.0	0.0
2	1	CP_EQ_105	EQ_3	0.0	0.0
2	1	CP_EQ_106	EQ_1	0.0	0.0
2	1	CP_EQ_106	EQ_2	0.0	0.0
2	1	CP_EQ_106	EQ_3	0.0	0.0
2	1	CP_EQ_107	EQ_1	0.0	0.0
2	1	CP_EQ_107	EQ_2	0.0	0.0
2	1	CP_EQ_107	EQ_3	0.0	0.0
2	1	CP_EQ_108	EQ_1	0.0	0.0
2	1	CP_EQ_108	EQ_2	0.0	0.0
2	1	CP_EQ_108	EQ_3	0.0	0.0
2	0	CP_EQ_1	EQ_1	0.0	0.0
2	0	CP_EQ_2	EQ_1	0.0	0.0
2	0	CP_EQ_3	EQ_1	0.0	0.0
2	0	CP_EQ_4	EQ_1	0.0	0.0
2	0	CP_EQ_5	EQ_1	0.0	0.0
2	0	CP_EQ_6	EQ_1	0.0	0.0
2	0	CP_EQ_7	EQ_1	0.0	0.0
2	0	CP_EQ_8	EQ_1	0.0	0.0
2	0	CP_EQ_9	EQ_1	0.0	0.0
2	0	CP_EQ_10	EQ_1	0.0	0.0
2	0	CP_EQ_11	EQ_1	0.0	0.0
2	0	CP_EQ_12	EQ_1	0.0	0.0
2	0	CP_EQ_13	EQ_1	0.0	0.0
2	0	CP_EQ_14	EQ_1	0.0	0.0
2	0	CP_EQ_15	EQ_1	0.0	0.0
2	0	CP_EQ_16	EQ_1	0.0	0.0
2	0	CP_EQ_17	EQ_1	0.0	0.0
2	0	CP_EQ_18	EQ_1	0.0	0.0
2	0	CP_EQ_19	EQ_1	0.0	0.0
2	0	CP_EQ_20	EQ_1	0.0	0.0
2	0	CP_EQ_21	EQ_1	0.0	0.0
2	0	CP_EQ_22	EQ_1	0.0	0.0
2	0	CP_EQ_23	EQ_1	0.0	0.0
2	0	CP_EQ_24	EQ_1	0.0	0.0
142	2	CP_EQ_1	EQ_1	1.0	0.7477827457963835
142	2	CP_EQ_1	EQ_2	0.0196078431372549	0.6765779375439249
142	2	CP_EQ_2	EQ_1	0.5	0.7075801712242172
142	2	CP_EQ_2	EQ_2	0.0196078431372549	0.6765779375439249
142	1	CP_EQ_1	EQ_1	1.0	0.8407616067154203
142	0	CP_EQ_1	EQ_1	1.0	0.7420899356676807
142	0	CP_EQ_1	EQ_2	0.0196078431372549	0.6765779375439249
142	0	CP_EQ_2	EQ_1	1.0	0.7420899356676807
142	0	CP_EQ_2	EQ_2	0.0196078431372549	0.6765779375439249
103	1	CP_EQ_1	EQ_1	0.0	0.0
67	0	CP_EQ_1	EQ_1	0.0018314657634061324	0.5826029600989879
67	0	CP_EQ_2	EQ_1	0	0
67	0	CP_EQ_3	EQ_1	0.0018314657634061324	0.5826029600989879
67	0	CP_EQ_4	EQ_1	0.0	0.0
67	1	CP_EQ_1	EQ_1	0.0018314657634061324	0.5826029600989879
67	1	CP_EQ_2	EQ_1	0	0
17	1	CP_EQ_1	EQ_1	0.0023094688221709007	0.6405880481089259
17	0	CP_EQ_1	EQ_1	0.0023094688221709007	0.6405880481089259
176	1	CP_EQ_1	EQ_1	0.0	0.0
176	1	CP_EQ_2	EQ_1	0.0	0.0
176	0	CP_EQ_1	EQ_1	0.0	0.0
176	0	CP_EQ_2	EQ_1	0.0	0.0
37	1	CP_EQ_1	EQ_1	1.0	0.8157785254769148
37	1	CP_EQ_2	EQ_1	1.0	0.8157785254769148
37	1	CP_EQ_3	EQ_1	1.0	0.8157785254769148
37	1	CP_EQ_4	EQ_1	0.5	0.7620067965267194
37	0	CP_EQ_1	EQ_1	0.6	0.805263081958722
37	0	CP_EQ_2	EQ_1	0.6	0.805263081958722
37	0	CP_EQ_3	EQ_1	0.6	0.805263081958722
37	0	CP_EQ_4	EQ_1	0.0	0.0
36	0	CP_EQ_1	EQ_1	0.0	0.0
36	1	CP_EQ_1	EQ_1	0.0	0.0
36	1	CP_EQ_1	EQ_2	0.0	0.0
36	1	CP_EQ_2	EQ_1	0.0	0.0
36	1	CP_EQ_2	EQ_2	0.0	0.0
79	1	CP_EQ_1	EQ_1	0.0	0.0
79	1	CP_EQ_2	EQ_1	0.0	0.0
79	1	CP_EQ_3	EQ_1	0.0	0.0
79	1	CP_EQ_4	EQ_1	0.0	0.0
79	1	CP_EQ_5	EQ_1	0.0	0.0
79	1	CP_EQ_6	EQ_1	0.0	0.0
79	1	CP_EQ_7	EQ_1	0.0	0.0
79	1	CP_EQ_8	EQ_1	0.0	0.0
79	1	CP_EQ_9	EQ_1	0.0	0.0
79	1	CP_EQ_10	EQ_1	0.0	0.0
79	1	CP_EQ_11	EQ_1	0.0	0.0
79	1	CP_EQ_12	EQ_1	0.0	0.0
79	1	CP_EQ_13	EQ_1	0.0	0.0
79	1	CP_EQ_14	EQ_1	0.0	0.0
79	1	CP_EQ_15	EQ_1	0.0	0.0
79	1	CP_EQ_16	EQ_1	0.0	0.0
79	0	CP_EQ_1	EQ_1	0.0	0.0
79	0	CP_EQ_2	EQ_1	0.0	0.0
79	0	CP_EQ_3	EQ_1	0.0	0.0
79	0	CP_EQ_4	EQ_1	0.0	0.0
79	0	CP_EQ_5	EQ_1	0.0	0.0
79	0	CP_EQ_6	EQ_1	0.0	0.0
79	0	CP_EQ_7	EQ_1	0.0	0.0
79	0	CP_EQ_8	EQ_1	0.0	0.0
79	0	CP_EQ_9	EQ_1	0.0	0.0
79	0	CP_EQ_10	EQ_1	0.0	0.0
79	0	CP_EQ_11	EQ_1	0.0	0.0
79	0	CP_EQ_12	EQ_1	0.0	0.0
79	0	CP_EQ_13	EQ_1	0.0	0.0
79	0	CP_EQ_14	EQ_1	0.0	0.0
79	0	CP_EQ_15	EQ_1	0.0	0.0
79	0	CP_EQ_16	EQ_1	0.0	0.0
40	1	CP_EQ_1	EQ_1	0.4387755102040816	0.8407616067154203
40	1	CP_EQ_2	EQ_1	0.0	0.0
40	2	CP_EQ_1	EQ_1	0.002171388173509064	0.5433742671178668
40	2	CP_EQ_2	EQ_1	0.0	0.0
40	0	CP_EQ_1	EQ_1	0.002171388173509064	0.5433742671178668
40	0	CP_EQ_2	EQ_1	0.0	0.0
143	1	CP_EQ_1	EQ_1	0.0	0.0
143	1	CP_EQ_2	EQ_1	0.0	0.0
143	1	CP_EQ_3	EQ_1	0.0	0.0
143	1	CP_EQ_4	EQ_1	0.0	0.0
143	0	CP_EQ_1	EQ_1	0.0	0.0
143	0	CP_EQ_2	EQ_1	0.0	0.0
143	0	CP_EQ_3	EQ_1	0.0	0.0
143	0	CP_EQ_4	EQ_1	0.0	0.0
10	0	CP_EQ_1	EQ_1	0.0	0.0
10	0	CP_EQ_2	EQ_1	0.0	0.0
10	1	CP_EQ_1	EQ_1	0.05167173252279635	0.7026126604024465
10	1	CP_EQ_2	EQ_1	0.0	0.0
10	2	CP_EQ_1	EQ_1	0.0	0.0
10	2	CP_EQ_2	EQ_1	0.0	0.0
47	0	CP_EQ_1	EQ_1	0.002336448598130841	0.5661359421338551
47	1	CP_EQ_1	EQ_1	0.002136752136752137	0.5661359421338551
47	1	CP_EQ_1	EQ_2	0.002336448598130841	0.5661359421338551
47	1	CP_EQ_1	EQ_3	0.0021141649048625794	0.5661359421338551
47	1	CP_EQ_1	EQ_4	0.002136752136752137	0.5661359421338551
47	1	CP_EQ_1	EQ_5	0.08333333333333333	0.5661359421338551
47	1	CP_EQ_2	EQ_1	0.0	0.0
47	1	CP_EQ_2	EQ_2	0.0	0.0
47	1	CP_EQ_2	EQ_3	0.0	0.0
47	1	CP_EQ_2	EQ_4	0.0	0.0
47	1	CP_EQ_2	EQ_5	0.0	0.0
27	0	CP_EQ_1	EQ_1	0.0	0.0
27	1	CP_EQ_1	EQ_1	0.0	0.0
125	2	CP_EQ_1	EQ_1	0.0	0.0
125	2	CP_EQ_1	EQ_2	0.0	0.0
125	1	CP_EQ_1	EQ_1	0.0	0.0
125	1	CP_EQ_1	EQ_2	0.0	0.0
125	1	CP_EQ_2	EQ_1	0.0	0.0
125	1	CP_EQ_2	EQ_2	0.0	0.0
125	1	CP_EQ_3	EQ_1	0.0	0.0
125	1	CP_EQ_3	EQ_2	0.0	0.0
125	1	CP_EQ_4	EQ_1	0.0	0.0
125	1	CP_EQ_4	EQ_2	0.0	0.0
125	1	CP_EQ_5	EQ_1	0.0	0.0
125	1	CP_EQ_5	EQ_2	0.0	0.0
125	1	CP_EQ_6	EQ_1	0.0	0.0
125	1	CP_EQ_6	EQ_2	0.0	0.0
125	1	CP_EQ_7	EQ_1	0.0	0.0
125	1	CP_EQ_7	EQ_2	0.0	0.0
125	1	CP_EQ_8	EQ_1	0.0	0.0
125	1	CP_EQ_8	EQ_2	0.0	0.0
125	1	CP_EQ_9	EQ_1	0.0	0.0
125	1	CP_EQ_9	EQ_2	0.0	0.0
125	1	CP_EQ_10	EQ_1	0.0	0.0
125	1	CP_EQ_10	EQ_2	0.0	0.0
125	1	CP_EQ_11	EQ_1	0.4892086330935252	0.6771868225699046
125	1	CP_EQ_11	EQ_2	0.00257419745608722	0.71427663791816
125	1	CP_EQ_12	EQ_1	0.9714285714285714	0.7140311174745216
125	1	CP_EQ_12	EQ_2	0.0017146603459579405	0.6771868225699046
125	0	CP_EQ_1	EQ_1	0.0	0.0
125	0	CP_EQ_1	EQ_2	0.0	0.0
125	0	CP_EQ_1	EQ_3	0.0	0.0
125	0	CP_EQ_1	EQ_4	0.0	0.0
125	0	CP_EQ_2	EQ_1	0.0	0.0
125	0	CP_EQ_2	EQ_2	0.0	0.0
125	0	CP_EQ_2	EQ_3	0.0	0.0
125	0	CP_EQ_2	EQ_4	0.0	0.0
125	0	CP_EQ_3	EQ_1	0	0
125	0	CP_EQ_3	EQ_2	0	0
125	0	CP_EQ_3	EQ_3	0	0
125	0	CP_EQ_3	EQ_4	0	0
45	1	CP_EQ_1	EQ_1	0.14285714285714285	0.8289003930493086
45	0	CP_EQ_1	EQ_1	0.0	0.0
99	1	CP_EQ_1	EQ_1	0.9833333333333333	0.8268156128434346
99	1	CP_EQ_2	EQ_1	1.0	0.8268156128434346
99	1	CP_EQ_3	EQ_1	0	0
99	0	CP_EQ_1	EQ_1	0.9833333333333333	0.8268156128434346
99	0	CP_EQ_2	EQ_1	1.0	0.8268156128434346
99	0	CP_EQ_3	EQ_1	0	0
128	0	CP_EQ_1	EQ_1	0	0
128	1	CP_EQ_1	EQ_1	0	0
42	1	CP_EQ_1	EQ_1	0.0	0.0
42	2	CP_EQ_1	EQ_1	0.0	0.0
42	0	CP_EQ_1	EQ_1	0.0	0.0
175	1	CP_EQ_1	EQ_1	0.125	0.7832581646707165
175	1	CP_EQ_1	EQ_2	0.02631578947368421	0.743350589573963
175	1	CP_EQ_2	EQ_1	0.0	0.0
175	1	CP_EQ_2	EQ_2	0.0	0.0
175	0	CP_EQ_1	EQ_1	0.125	0.7869898777652251
175	0	CP_EQ_1	EQ_2	0.045454545454545456	0.743350589573963
175	0	CP_EQ_2	EQ_1	0.0	0.0
175	0	CP_EQ_2	EQ_2	0.0	0.0
101	1	CP_EQ_1	EQ_1	0.0	0.0
101	1	CP_EQ_1	EQ_2	0.0	0.0
101	1	CP_EQ_2	EQ_1	0.0	0.0
101	1	CP_EQ_2	EQ_2	0.0	0.0
101	0	CP_EQ_1	EQ_1	0.0	0.0
101	0	CP_EQ_2	EQ_1	0.0	0.0
46	1	CP_EQ_1	EQ_1	0.015873015873015872	0.7091210061104729
46	1	CP_EQ_1	EQ_2	0.015259409969481181	0.6978888540056162
46	1	CP_EQ_2	EQ_1	0.09215017064846416	0.6809943027829511
46	1	CP_EQ_2	EQ_2	0.08852459016393442	0.6809943027829511
46	1	CP_EQ_3	EQ_1	0.0	0.0
46	1	CP_EQ_3	EQ_2	0.0	0.0
46	0	CP_EQ_1	EQ_1	0.015873015873015872	0.7091210061104729
46	0	CP_EQ_1	EQ_2	0.015259409969481181	0.6978888540056162
46	0	CP_EQ_2	EQ_1	0.0049261083743842365	0.7091210061104729
46	0	CP_EQ_2	EQ_2	0.004757373929590866	0.6978888540056162
46	0	CP_EQ_3	EQ_1	0.0	0.0
46	0	CP_EQ_3	EQ_2	0.0	0.0
184	1	CP_EQ_1	EQ_1	0.4406779661016949	0.7976565449459952
184	1	CP_EQ_2	EQ_1	0.0	0.0
184	1	CP_EQ_3	EQ_1	0	0
184	0	CP_EQ_1	EQ_1	0.4406779661016949	0.8174661301247403
184	0	CP_EQ_2	EQ_1	0.0	0.0
184	0	CP_EQ_3	EQ_1	0	0
184	2	CP_EQ_1	EQ_1	0.4406779661016949	0.8289003930493086
184	2	CP_EQ_2	EQ_1	0.0	0.0
184	2	CP_EQ_3	EQ_1	0	0
184	3	CP_EQ_1	EQ_1	0.0	0.0
184	3	CP_EQ_2	EQ_1	0.0	0.0
184	3	CP_EQ_3	EQ_1	0	0
146	1	CP_EQ_1	EQ_1	0.003269500233535731	0.6478267284179291
146	1	CP_EQ_2	EQ_1	0.0	0.0
146	1	CP_EQ_3	EQ_1	0.00122156942586237	0.43476664056937586
146	1	CP_EQ_4	EQ_1	0.0	0.0
146	1	CP_EQ_5	EQ_1	0.0059621827267049	0.6890786643449268
146	0	CP_EQ_1	EQ_1	0.0	0.0
146	0	CP_EQ_2	EQ_1	0.0	0.0
146	0	CP_EQ_3	EQ_1	0.0	0.0
146	0	CP_EQ_4	EQ_1	0.0	0.0
146	0	CP_EQ_5	EQ_1	0.0047983548497657945	0.49178441187560784
148	2	CP_EQ_1	EQ_1	0.0	0.0
148	0	CP_EQ_1	EQ_1	0.0	0.0
148	1	CP_EQ_1	EQ_1	0.0	0.0
148	1	CP_EQ_2	EQ_1	0	0
148	1	CP_EQ_3	EQ_1	0.0	0.0
148	1	CP_EQ_4	EQ_1	0.0	0.0
148	1	CP_EQ_5	EQ_1	0.0	0.0
162	1	CP_EQ_1	EQ_1	1.0	0.8333325492717291
162	1	CP_EQ_2	EQ_1	0.0	0.0
162	0	CP_EQ_1	EQ_1	1.0	0.8333325492717291
162	0	CP_EQ_2	EQ_1	0.0	0.0
104	1	CP_EQ_1	EQ_1	0.1282051282051282	0.5695806448020084
104	1	CP_EQ_1	EQ_2	0.21428571428571427	0.5697264305810043
104	1	CP_EQ_2	EQ_1	0.5555555555555556	0.8381681615604518
104	1	CP_EQ_2	EQ_2	0.5714285714285714	0.8381681615604518
104	0	CP_EQ_1	EQ_1	1.0	0.8356953863359535
104	0	CP_EQ_1	EQ_2	0.18181818181818182	0.7608122500413782
104	0	CP_EQ_1	EQ_3	0.14285714285714285	0.7608122500413782
104	0	CP_EQ_2	EQ_1	0.18181818181818182	0.7608122500413782
104	0	CP_EQ_2	EQ_2	1.0	0.796488254367112
104	0	CP_EQ_2	EQ_3	0.75	0.796488254367112
104	0	CP_EQ_3	EQ_1	0.14285714285714285	0.7608122500413782
104	0	CP_EQ_3	EQ_2	0.75	0.796488254367112
104	0	CP_EQ_3	EQ_3	1.0	0.8268156128434346
152	0	CP_EQ_1	EQ_1	0	0
152	0	CP_EQ_1	EQ_2	0	0
152	1	CP_EQ_1	EQ_1	0	0
152	1	CP_EQ_1	EQ_2	0	0
196	0	CP_EQ_1	EQ_1	0.19647192904216837	0.805263081958722
196	0	CP_EQ_1	EQ_2	0.21282880293777193	0.7879652277273941
196	0	CP_EQ_1	EQ_3	0.4184039985556548	0.8248095226320111
196	2	CP_EQ_1	EQ_1	0.0	0.0
196	2	CP_EQ_2	EQ_1	0.6	0.8125560187606915
196	1	CP_EQ_1	EQ_1	0.0	0.0
196	1	CP_EQ_2	EQ_1	0.0	0.0
59	1	CP_EQ_1	EQ_1	0.0	0.0
59	0	CP_EQ_1	EQ_1	0	0
59	0	CP_EQ_2	EQ_1	0.0	0.0
89	1	CP_EQ_1	EQ_1	1.0	0.8636599077480517
89	0	CP_EQ_1	EQ_1	1.0	0.8636599077480517
106	1	CP_EQ_1	EQ_1	0.003436426116838488	0.644546196655662
106	1	CP_EQ_1	EQ_2	0.125	0.644546196655662
106	1	CP_EQ_2	EQ_1	0.0	0.0
106	1	CP_EQ_2	EQ_2	0.0	0.0
106	1	CP_EQ_3	EQ_1	0	0
106	1	CP_EQ_3	EQ_2	0	0
106	0	CP_EQ_1	EQ_1	0.0	0.0
106	0	CP_EQ_1	EQ_2	0.0	0.0
106	0	CP_EQ_2	EQ_1	0.0	0.0
106	0	CP_EQ_2	EQ_2	0.0	0.0
106	0	CP_EQ_3	EQ_1	0	0
106	0	CP_EQ_3	EQ_2	0	0
80	1	CP_EQ_1	EQ_1	1.0	0.8381681615604518
80	0	CP_EQ_1	EQ_1	1.0	0.8381681615604518
102	2	CP_EQ_1	EQ_1	1.0	0.8381681615604518
102	2	CP_EQ_1	EQ_2	0.9473684210526315	0.7850912801719183
102	2	CP_EQ_2	EQ_1	0.0	0.0
102	2	CP_EQ_2	EQ_2	0.0	0.0
102	2	CP_EQ_3	EQ_1	0.9473684210526315	0.7850912801719183
102	2	CP_EQ_3	EQ_2	1.0	0.791003487875979
102	1	CP_EQ_1	EQ_1	0.017857142857142856	0.6587446460826476
102	1	CP_EQ_2	EQ_1	0.0	0.0
102	0	CP_EQ_1	EQ_1	0.007936507936507936	0.6148566140427393
102	0	CP_EQ_1	EQ_2	0.21052631578947367	0.6148566140427393
102	0	CP_EQ_2	EQ_1	0.0	0.0
102	0	CP_EQ_2	EQ_2	0.0	0.0
102	0	CP_EQ_3	EQ_1	0.007936507936507936	0.6148566140427393
102	0	CP_EQ_3	EQ_2	0.21052631578947367	0.6148566140427393
102	0	CP_EQ_4	EQ_1	0.0	0.0
102	0	CP_EQ_4	EQ_2	0.0	0.0
96	1	CP_EQ_1	EQ_1	1.0	0.8381681615604518
96	0	CP_EQ_1	EQ_1	1.0	0.8381681615604518
49	1	CP_EQ_1	EQ_1	0.0	0.0
49	1	CP_EQ_2	EQ_1	0.0	0.0
49	0	CP_EQ_1	EQ_1	0.0	0.0
49	0	CP_EQ_2	EQ_1	0.0	0.0
8	1	CP_EQ_1	EQ_1	0.0	0.0
8	1	CP_EQ_1	EQ_2	0.0	0.0
8	1	CP_EQ_1	EQ_3	0.0	0.0
8	1	CP_EQ_1	EQ_4	0.0	0.0
8	1	CP_EQ_2	EQ_1	0.0	0.0
8	1	CP_EQ_2	EQ_2	0.0	0.0
8	1	CP_EQ_2	EQ_3	0.0	0.0
8	1	CP_EQ_2	EQ_4	0.0	0.0
8	1	CP_EQ_3	EQ_1	0.0	0.0
8	1	CP_EQ_3	EQ_2	0.0	0.0
8	1	CP_EQ_3	EQ_3	0.0	0.0
8	1	CP_EQ_3	EQ_4	0.0	0.0
8	1	CP_EQ_4	EQ_1	0.0	0.0
8	1	CP_EQ_4	EQ_2	0.0	0.0
8	1	CP_EQ_4	EQ_3	0.0	0.0
8	1	CP_EQ_4	EQ_4	0.0	0.0
8	1	CP_EQ_5	EQ_1	0.0	0.0
8	1	CP_EQ_5	EQ_2	0.0	0.0
8	1	CP_EQ_5	EQ_3	0.0	0.0
8	1	CP_EQ_5	EQ_4	0.0	0.0
8	1	CP_EQ_6	EQ_1	0.0	0.0
8	1	CP_EQ_6	EQ_2	0.0	0.0
8	1	CP_EQ_6	EQ_3	0.0	0.0
8	1	CP_EQ_6	EQ_4	0.0	0.0
8	1	CP_EQ_7	EQ_1	0.0	0.0
8	1	CP_EQ_7	EQ_2	0.0	0.0
8	1	CP_EQ_7	EQ_3	0.0	0.0
8	1	CP_EQ_7	EQ_4	0.0	0.0
8	1	CP_EQ_8	EQ_1	0.0	0.0
8	1	CP_EQ_8	EQ_2	0.0	0.0
8	1	CP_EQ_8	EQ_3	0.0	0.0
8	1	CP_EQ_8	EQ_4	0.0	0.0
8	1	CP_EQ_9	EQ_1	0.0	0.0
8	1	CP_EQ_9	EQ_2	0.0	0.0
8	1	CP_EQ_9	EQ_3	0.0	0.0
8	1	CP_EQ_9	EQ_4	0.0	0.0
8	1	CP_EQ_10	EQ_1	0.0	0.0
8	1	CP_EQ_10	EQ_2	0.0	0.0
8	1	CP_EQ_10	EQ_3	0.0	0.0
8	1	CP_EQ_10	EQ_4	0.0	0.0
8	1	CP_EQ_11	EQ_1	0.0	0.0
8	1	CP_EQ_11	EQ_2	0.0	0.0
8	1	CP_EQ_11	EQ_3	0.0	0.0
8	1	CP_EQ_11	EQ_4	0.0	0.0
8	1	CP_EQ_12	EQ_1	0.0	0.0
8	1	CP_EQ_12	EQ_2	0.0	0.0
8	1	CP_EQ_12	EQ_3	0.0	0.0
8	1	CP_EQ_12	EQ_4	0.0	0.0
8	1	CP_EQ_13	EQ_1	0	0
8	1	CP_EQ_13	EQ_2	0	0
8	1	CP_EQ_13	EQ_3	0	0
8	1	CP_EQ_13	EQ_4	0	0
8	1	CP_EQ_14	EQ_1	0	0
8	1	CP_EQ_14	EQ_2	0	0
8	1	CP_EQ_14	EQ_3	0	0
8	1	CP_EQ_14	EQ_4	0	0
8	1	CP_EQ_15	EQ_1	0	0
8	1	CP_EQ_15	EQ_2	0	0
8	1	CP_EQ_15	EQ_3	0	0
8	1	CP_EQ_15	EQ_4	0	0
8	1	CP_EQ_16	EQ_1	0	0
8	1	CP_EQ_16	EQ_2	0	0
8	1	CP_EQ_16	EQ_3	0	0
8	1	CP_EQ_16	EQ_4	0	0
8	1	CP_EQ_17	EQ_1	0	0
8	1	CP_EQ_17	EQ_2	0	0
8	1	CP_EQ_17	EQ_3	0	0
8	1	CP_EQ_17	EQ_4	0	0
8	1	CP_EQ_18	EQ_1	0	0
8	1	CP_EQ_18	EQ_2	0	0
8	1	CP_EQ_18	EQ_3	0	0
8	1	CP_EQ_18	EQ_4	0	0
8	1	CP_EQ_19	EQ_1	0	0
8	1	CP_EQ_19	EQ_2	0	0
8	1	CP_EQ_19	EQ_3	0	0
8	1	CP_EQ_19	EQ_4	0	0
8	1	CP_EQ_20	EQ_1	0	0
8	1	CP_EQ_20	EQ_2	0	0
8	1	CP_EQ_20	EQ_3	0	0
8	1	CP_EQ_20	EQ_4	0	0
8	1	CP_EQ_21	EQ_1	0	0
8	1	CP_EQ_21	EQ_2	0	0
8	1	CP_EQ_21	EQ_3	0	0
8	1	CP_EQ_21	EQ_4	0	0
8	1	CP_EQ_22	EQ_1	0	0
8	1	CP_EQ_22	EQ_2	0	0
8	1	CP_EQ_22	EQ_3	0	0
8	1	CP_EQ_22	EQ_4	0	0
8	1	CP_EQ_23	EQ_1	0	0
8	1	CP_EQ_23	EQ_2	0	0
8	1	CP_EQ_23	EQ_3	0	0
8	1	CP_EQ_23	EQ_4	0	0
8	1	CP_EQ_24	EQ_1	0.0	0.0
8	1	CP_EQ_24	EQ_2	0.0	0.0
8	1	CP_EQ_24	EQ_3	0.0	0.0
8	1	CP_EQ_24	EQ_4	0.0	0.0
8	0	CP_EQ_1	EQ_1	0.0	0.0
8	0	CP_EQ_1	EQ_2	0.0	0.0
8	0	CP_EQ_1	EQ_3	0.0	0.0
8	0	CP_EQ_1	EQ_4	0.0	0.0
8	0	CP_EQ_2	EQ_1	0.0	0.0
8	0	CP_EQ_2	EQ_2	0.0	0.0
8	0	CP_EQ_2	EQ_3	0.0	0.0
8	0	CP_EQ_2	EQ_4	0.0	0.0
14	0	CP_EQ_1	EQ_1	0.0	0.0
14	0	CP_EQ_2	EQ_1	0.0	0.0
14	0	CP_EQ_3	EQ_1	2.559967232419425e-05	0.4012392178857318
14	1	CP_EQ_1	EQ_1	0.45161290322580644	0.8356953863359535
14	1	CP_EQ_2	EQ_1	0.0	0.0
133	1	CP_EQ_1	EQ_1	0.0	0.0
133	1	CP_EQ_1	EQ_2	0.0	0.0
133	1	CP_EQ_1	EQ_3	0.0	0.0
133	1	CP_EQ_2	EQ_1	0.0	0.0
133	1	CP_EQ_2	EQ_2	0.0	0.0
133	1	CP_EQ_2	EQ_3	0.0	0.0
133	1	CP_EQ_3	EQ_1	0.0	0.0
133	1	CP_EQ_3	EQ_2	0.0	0.0
133	1	CP_EQ_3	EQ_3	0.0	0.0
133	1	CP_EQ_4	EQ_1	0.0	0.0
133	1	CP_EQ_4	EQ_2	0.0	0.0
133	1	CP_EQ_4	EQ_3	0.0	0.0
133	1	CP_EQ_5	EQ_1	0.0	0.0
133	1	CP_EQ_5	EQ_2	0.0	0.0
133	1	CP_EQ_5	EQ_3	0.0	0.0
133	1	CP_EQ_6	EQ_1	0.0	0.0
133	1	CP_EQ_6	EQ_2	0.0	0.0
133	1	CP_EQ_6	EQ_3	0.0	0.0
133	0	CP_EQ_1	EQ_1	0.0	0.0
133	0	CP_EQ_1	EQ_2	0.0	0.0
133	0	CP_EQ_1	EQ_3	0.0	0.0
133	0	CP_EQ_2	EQ_1	0.0	0.0
133	0	CP_EQ_2	EQ_2	0.0	0.0
133	0	CP_EQ_2	EQ_3	0.0	0.0
133	0	CP_EQ_3	EQ_1	0.0	0.0
133	0	CP_EQ_3	EQ_2	0.0	0.0
133	0	CP_EQ_3	EQ_3	0.0	0.0
133	0	CP_EQ_4	EQ_1	0.0	0.0
133	0	CP_EQ_4	EQ_2	0.0	0.0
133	0	CP_EQ_4	EQ_3	0.0	0.0
133	0	CP_EQ_5	EQ_1	0.0	0.0
133	0	CP_EQ_5	EQ_2	0.0	0.0
133	0	CP_EQ_5	EQ_3	0.0	0.0
133	0	CP_EQ_6	EQ_1	0.0	0.0
133	0	CP_EQ_6	EQ_2	0.0	0.0
133	0	CP_EQ_6	EQ_3	0.0	0.0
118	1	CP_EQ_1	EQ_1	1.0	0.8013238666558348
118	0	CP_EQ_1	EQ_1	1.0	0.8013238666558348
87	0	CP_EQ_1	EQ_1	0.2558139534883721	0.6776790027672637
87	1	CP_EQ_1	EQ_1	0.2558139534883721	0.7004822991605846
177	0	CP_EQ_1	EQ_1	1.0	0.8434881059612479
177	1	CP_EQ_1	EQ_1	1.0	0.8434881059612479
136	1	CP_EQ_1	EQ_1	0.15053763440860216	0.8039173118108033
136	1	CP_EQ_2	EQ_1	1.0	0.8463620535167237
136	0	CP_EQ_1	EQ_1	0.15053763440860216	0.7976565449459952
136	0	CP_EQ_2	EQ_1	1.0	0.8463620535167237
71	2	CP_EQ_1	EQ_1	0.0	0.0
71	2	CP_EQ_1	EQ_2	0.0	0.0
71	2	CP_EQ_1	EQ_3	0.0	0.0
71	2	CP_EQ_1	EQ_4	0.0	0.0
71	2	CP_EQ_2	EQ_1	0.0	0.0
71	2	CP_EQ_2	EQ_2	0.0	0.0
71	2	CP_EQ_2	EQ_3	0.0	0.0
71	2	CP_EQ_2	EQ_4	0.0	0.0
71	2	CP_EQ_3	EQ_1	0.0	0.0
71	2	CP_EQ_3	EQ_2	0.0	0.0
71	2	CP_EQ_3	EQ_3	0.0	0.0
71	2	CP_EQ_3	EQ_4	0.0	0.0
71	2	CP_EQ_4	EQ_1	0.0	0.0
71	2	CP_EQ_4	EQ_2	0.0	0.0
71	2	CP_EQ_4	EQ_3	0.0	0.0
71	2	CP_EQ_4	EQ_4	0.0	0.0
71	2	CP_EQ_5	EQ_1	0.0030959752321981426	0.6031320654237428
71	2	CP_EQ_5	EQ_2	0.0026109660574412533	0.6031320654237428
71	2	CP_EQ_5	EQ_3	0.0020920502092050207	0.6031320654237428
71	2	CP_EQ_5	EQ_4	0.0015552099533437014	0.6031320654237428
71	2	CP_EQ_6	EQ_1	0.0030959752321981426	0.6031320654237428
71	2	CP_EQ_6	EQ_2	0.0026109660574412533	0.6031320654237428
71	2	CP_EQ_6	EQ_3	0.0020920502092050207	0.6031320654237428
71	2	CP_EQ_6	EQ_4	0.0015552099533437014	0.6031320654237428
71	2	CP_EQ_7	EQ_1	0.0030959752321981426	0.6031320654237428
71	2	CP_EQ_7	EQ_2	0.0026109660574412533	0.6031320654237428
71	2	CP_EQ_7	EQ_3	0.0020920502092050207	0.6031320654237428
71	2	CP_EQ_7	EQ_4	0.0015552099533437014	0.6031320654237428
71	1	CP_EQ_1	EQ_1	0.0	0.0
71	1	CP_EQ_1	EQ_2	0.0	0.0
71	1	CP_EQ_2	EQ_1	0.0030959752321981426	0.6031320654237428
71	1	CP_EQ_2	EQ_2	0.0026109660574412533	0.6031320654237428
71	1	CP_EQ_3	EQ_1	0.0	0.0
71	1	CP_EQ_3	EQ_2	0.0	0.0
71	0	CP_EQ_1	EQ_1	1.0	0.8310702894968192
66	1	CP_EQ_1	EQ_1	0.0	0.0
66	0	CP_EQ_1	EQ_1	0.0	0.0
91	1	CP_EQ_1	EQ_1	0.21768707482993196	0.8381681615604518
91	1	CP_EQ_2	EQ_1	0.0	0.0
91	0	CP_EQ_1	EQ_1	3.652567755131858e-05	0.4012392178857318
130	0	CP_EQ_1	EQ_1	0.011421319796954314	0.7150200777508207
130	0	CP_EQ_2	EQ_1	0	0
130	0	CP_EQ_3	EQ_1	0.0038135593220338985	0.6922341949797829
130	0	CP_EQ_4	EQ_1	0	0
130	1	CP_EQ_1	EQ_1	0	0
130	1	CP_EQ_1	EQ_2	0	0
130	1	CP_EQ_2	EQ_1	0.0	0.0
130	1	CP_EQ_2	EQ_2	0.0	0.0
167	1	CP_EQ_1	EQ_1	0	0
167	0	CP_EQ_1	EQ_1	0	0
4	1	CP_EQ_1	EQ_1	0	0
4	0	CP_EQ_1	EQ_1	0	0
64	1	CP_EQ_1	EQ_1	0.002290845780262073	0.679823152020498
64	0	CP_EQ_1	EQ_1	0.0255885363357216	0.6575462521012643
88	1	CP_EQ_1	EQ_1	1.0	0.8381681615604518
88	1	CP_EQ_2	EQ_1	0.0	0.0
88	0	CP_EQ_1	EQ_1	1.0	0.8381681615604518
198	1	CP_EQ_1	EQ_1	0.02736842105263158	0.6200709040997693
198	1	CP_EQ_2	EQ_1	0.13043478260869565	0.7781101042727059
198	1	CP_EQ_3	EQ_1	0.13043478260869565	0.7781101042727059
198	1	CP_EQ_4	EQ_1	0.12989690721649486	0.7781101042727059
198	0	CP_EQ_1	EQ_1	0.0	0.0
198	0	CP_EQ_2	EQ_1	0.0	0.0
198	0	CP_EQ_3	EQ_1	0.0	0.0
198	0	CP_EQ_4	EQ_1	0.09224011713030747	0.7749357234823994
119	1	CP_EQ_1	EQ_1	0.0	0.0
119	1	CP_EQ_2	EQ_1	0.0	0.0
119	1	CP_EQ_3	EQ_1	0.0	0.0
119	1	CP_EQ_4	EQ_1	0.0	0.0
119	0	CP_EQ_1	EQ_1	0.0	0.0
119	0	CP_EQ_2	EQ_1	0.0	0.0
119	0	CP_EQ_3	EQ_1	0.0	0.0
119	0	CP_EQ_4	EQ_1	0.0	0.0
129	1	CP_EQ_1	EQ_1	0.1111111111111111	0.7677416431001153
129	1	CP_EQ_1	EQ_2	0.09728867623604466	0.621340592210092
129	1	CP_EQ_1	EQ_3	0.0748663101604278	0.7160277872018185
129	1	CP_EQ_1	EQ_4	0.06559139784946237	0.5045897903568842
129	1	CP_EQ_2	EQ_1	0.0	0.0
129	1	CP_EQ_2	EQ_2	0.0	0.0
129	1	CP_EQ_2	EQ_3	0.0	0.0
129	1	CP_EQ_2	EQ_4	0.0	0.0
129	1	CP_EQ_3	EQ_1	0.08524590163934426	0.621340592210092
129	1	CP_EQ_3	EQ_2	0.1035653650254669	0.621340592210092
129	1	CP_EQ_3	EQ_3	0.059293044469783354	0.5045897903568842
129	1	CP_EQ_3	EQ_4	0.07142857142857142	0.5045897903568842
129	1	CP_EQ_4	EQ_1	0.1111111111111111	0.7677416431001153
129	1	CP_EQ_4	EQ_2	0.09728867623604466	0.621340592210092
129	1	CP_EQ_4	EQ_3	0.0748663101604278	0.7160277872018185
129	1	CP_EQ_4	EQ_4	0.06559139784946237	0.5045897903568842
129	1	CP_EQ_5	EQ_1	0.1111111111111111	0.7677416431001153
129	1	CP_EQ_5	EQ_2	0.09728867623604466	0.621340592210092
129	1	CP_EQ_5	EQ_3	0.0748663101604278	0.7160277872018185
129	1	CP_EQ_5	EQ_4	0.06559139784946237	0.5045897903568842
129	1	CP_EQ_6	EQ_1	0.08524590163934426	0.621340592210092
129	1	CP_EQ_6	EQ_2	0.1035653650254669	0.621340592210092
129	1	CP_EQ_6	EQ_3	0.059293044469783354	0.5045897903568842
129	1	CP_EQ_6	EQ_4	0.07142857142857142	0.5045897903568842
129	1	CP_EQ_7	EQ_1	0.0	0.0
129	1	CP_EQ_7	EQ_2	0.0	0.0
129	1	CP_EQ_7	EQ_3	0.0	0.0
129	1	CP_EQ_7	EQ_4	0.0	0.0
129	1	CP_EQ_8	EQ_1	0.010438413361169102	0.6928884196265563
129	1	CP_EQ_8	EQ_2	0.0	0.0
129	1	CP_EQ_8	EQ_3	0.008802816901408451	0.5729357596498195
129	1	CP_EQ_8	EQ_4	0.0	0.0
129	1	CP_EQ_9	EQ_1	0.11504424778761062	0.5138768411750714
129	1	CP_EQ_9	EQ_2	0.14022988505747128	0.5138768411750714
129	1	CP_EQ_9	EQ_3	0.3875776397515528	0.8381681615604518
129	1	CP_EQ_9	EQ_4	0.4966078697421981	0.8356953863359535
129	1	CP_EQ_10	EQ_1	0.0	0.0
129	1	CP_EQ_10	EQ_2	0.0	0.0
129	1	CP_EQ_10	EQ_3	0.0	0.0
129	1	CP_EQ_10	EQ_4	0.0	0.0
129	1	CP_EQ_11	EQ_1	0.0	0.0
129	1	CP_EQ_11	EQ_2	0.0	0.0
129	1	CP_EQ_11	EQ_3	0.0	0.0
129	1	CP_EQ_11	EQ_4	0.0	0.0
129	0	CP_EQ_1	EQ_1	0.0	0.0
129	0	CP_EQ_1	EQ_2	0.0	0.0
129	0	CP_EQ_1	EQ_3	0.0	0.0
129	0	CP_EQ_1	EQ_4	0.0	0.0
129	0	CP_EQ_2	EQ_1	0.0	0.0
129	0	CP_EQ_2	EQ_2	0.0	0.0
129	0	CP_EQ_2	EQ_3	0.0	0.0
129	0	CP_EQ_2	EQ_4	0.0	0.0
129	0	CP_EQ_3	EQ_1	0.0	0.0
129	0	CP_EQ_3	EQ_2	0.0	0.0
129	0	CP_EQ_3	EQ_3	0.0	0.0
129	0	CP_EQ_3	EQ_4	0.0	0.0
129	0	CP_EQ_4	EQ_1	0.0	0.0
129	0	CP_EQ_4	EQ_2	0.0	0.0
129	0	CP_EQ_4	EQ_3	0.0	0.0
129	0	CP_EQ_4	EQ_4	0.0	0.0
129	0	CP_EQ_5	EQ_1	0.0	0.0
129	0	CP_EQ_5	EQ_2	0.0	0.0
129	0	CP_EQ_5	EQ_3	0.0	0.0
129	0	CP_EQ_5	EQ_4	0.0	0.0
129	0	CP_EQ_6	EQ_1	0.0	0.0
129	0	CP_EQ_6	EQ_2	0.0	0.0
129	0	CP_EQ_6	EQ_3	0.0	0.0
129	0	CP_EQ_6	EQ_4	0.0	0.0
129	0	CP_EQ_7	EQ_1	0.0	0.0
129	0	CP_EQ_7	EQ_2	0.0	0.0
129	0	CP_EQ_7	EQ_3	0.0	0.0
129	0	CP_EQ_7	EQ_4	0.0	0.0
129	0	CP_EQ_8	EQ_1	0.0	0.0
129	0	CP_EQ_8	EQ_2	0.0	0.0
129	0	CP_EQ_8	EQ_3	0.0	0.0
129	0	CP_EQ_8	EQ_4	0.0	0.0
129	0	CP_EQ_9	EQ_1	0.3165905631659056	0.7130602214133601
129	0	CP_EQ_9	EQ_2	0.3993453355155483	0.711170063813965
129	0	CP_EQ_9	EQ_3	0.17993079584775087	0.5138768411750714
129	0	CP_EQ_9	EQ_4	0.2215496368038741	0.5138768411750714
61	0	CP_EQ_1	EQ_1	0.9468085106382979	0.759643959462495
61	1	CP_EQ_1	EQ_1	0.9468085106382979	0.7869898777652251
181	2	CP_EQ_1	EQ_1	0.0011028398125172319	0.5371091092670133
181	2	CP_EQ_2	EQ_1	0.0	0.0
181	2	CP_EQ_3	EQ_1	0.20071982281284606	0.8560533707353247
181	2	CP_EQ_4	EQ_1	0.0	0.0
181	1	CP_EQ_1	EQ_1	0.0	0.0
181	1	CP_EQ_2	EQ_1	0.008781492248062015	0.6027382100680568
181	0	CP_EQ_1	EQ_1	0.19510703363914372	0.8095177586121066
181	0	CP_EQ_1	EQ_2	0.2350363210662184	0.8356953863359535
181	0	CP_EQ_1	EQ_3	0.2682793119989036	0.8356953863359535
181	0	CP_EQ_2	EQ_1	0.007084889862166688	0.6362199133942283
181	0	CP_EQ_2	EQ_2	0.006643314409952893	0.6362199133942283
181	0	CP_EQ_2	EQ_3	0.007589347316130813	0.6362199133942283
181	0	CP_EQ_3	EQ_1	0.009040423608420509	0.6027382100680568
181	0	CP_EQ_3	EQ_2	0.008475602373168665	0.6027382100680568
181	0	CP_EQ_3	EQ_3	0.009685900096859	0.6027382100680568
181	0	CP_EQ_4	EQ_1	0.0018629151410034046	0.5917350912285492
181	0	CP_EQ_4	EQ_2	0.001747093198385445	0.5917350912285492
181	0	CP_EQ_4	EQ_3	0.001995184038527692	0.5917350912285492
181	0	CP_EQ_5	EQ_1	0.0018629151410034046	0.5917350912285492
181	0	CP_EQ_5	EQ_2	0.001747093198385445	0.5917350912285492
181	0	CP_EQ_5	EQ_3	0.001995184038527692	0.5917350912285492
181	0	CP_EQ_6	EQ_1	0.0018629151410034046	0.5917350912285492
181	0	CP_EQ_6	EQ_2	0.001747093198385445	0.5917350912285492
181	0	CP_EQ_6	EQ_3	0.001995184038527692	0.5917350912285492
12	1	CP_EQ_1	EQ_1	1.0	0.8560533707353247
12	0	CP_EQ_1	EQ_1	0.0	0.0
85	1	CP_EQ_1	EQ_1	0.007799253984401492	0.6122667798440267
85	1	CP_EQ_1	EQ_2	0.006524822695035461	0.6122667798440267
85	1	CP_EQ_2	EQ_1	0.0	0.0
85	1	CP_EQ_2	EQ_2	0.0	0.0
85	2	CP_EQ_1	EQ_1	0.9583333333333334	0.8333325492717291
85	0	CP_EQ_1	EQ_1	0.0	0.0
149	1	CP_EQ_1	EQ_1	1.0	0.8381681615604518
149	0	CP_EQ_1	EQ_1	1.0	0.8381681615604518
11	1	CP_EQ_1	EQ_1	0.0	0.0
11	1	CP_EQ_1	EQ_2	0.0	0.0
11	1	CP_EQ_2	EQ_1	0.0	0.0
11	1	CP_EQ_2	EQ_2	0.0	0.0
11	1	CP_EQ_3	EQ_1	0.0	0.0
11	1	CP_EQ_3	EQ_2	0.0	0.0
11	0	CP_EQ_1	EQ_1	0.0	0.0
11	0	CP_EQ_2	EQ_1	0.0	0.0
163	0	CP_EQ_1	EQ_1	1.0	0.8125560187606915
163	0	CP_EQ_1	EQ_2	0.6	0.8080613639049171
163	1	CP_EQ_1	EQ_1	1.0	0.8080613639049171
35	0	CP_EQ_1	EQ_1	1.0	0.8526228203815318
35	1	CP_EQ_1	EQ_1	1.0	0.8526228203815318
30	1	CP_EQ_1	EQ_1	0.0	0.0
30	1	CP_EQ_2	EQ_1	0.0	0.0
30	1	CP_EQ_3	EQ_1	0	0
30	1	CP_EQ_4	EQ_1	0.00048488766769031843	0.3882393527875019
30	1	CP_EQ_5	EQ_1	0.0	0.0
30	1	CP_EQ_6	EQ_1	0	0
30	1	CP_EQ_7	EQ_1	0.0016895969104513638	0.4382938335230499
30	1	CP_EQ_8	EQ_1	0	0
30	1	CP_EQ_9	EQ_1	0	0
30	0	CP_EQ_1	EQ_1	0.0	0.0
30	0	CP_EQ_2	EQ_1	0.0	0.0
30	0	CP_EQ_3	EQ_1	0	0
30	0	CP_EQ_4	EQ_1	0.0	0.0
30	0	CP_EQ_5	EQ_1	0.0	0.0
30	0	CP_EQ_6	EQ_1	0	0
30	0	CP_EQ_7	EQ_1	0.0	0.0
30	0	CP_EQ_8	EQ_1	0	0
30	0	CP_EQ_9	EQ_1	0	0
131	1	CP_EQ_1	EQ_1	0.0	0.0
131	1	CP_EQ_1	EQ_2	0.0	0.0
131	1	CP_EQ_2	EQ_1	0.001443209698369173	0.394021790118647
131	1	CP_EQ_2	EQ_2	0.002390026484077256	0.41731548179381117
131	0	CP_EQ_1	EQ_1	0	0
131	0	CP_EQ_1	EQ_2	0	0
131	0	CP_EQ_1	EQ_3	0	0
131	0	CP_EQ_2	EQ_1	0.0008001745835455008	0.46436855587613407
131	0	CP_EQ_2	EQ_2	0.0010401768300611104	0.4977982265409682
131	0	CP_EQ_2	EQ_3	0.0008001745835455008	0.46436855587613407
33	4	CP_EQ_1	EQ_1	1.0	0.8407616067154203
33	1	CP_EQ_1	EQ_1	0.0	0.0
33	1	CP_EQ_2	EQ_1	0.8088235294117647	0.7841668206698776
33	1	CP_EQ_3	EQ_1	0	0
33	2	CP_EQ_1	EQ_1	0.0	0.0
33	2	CP_EQ_1	EQ_2	0.0	0.0
33	2	CP_EQ_1	EQ_3	0.0	0.0
33	2	CP_EQ_2	EQ_1	0.0	0.0
33	2	CP_EQ_2	EQ_2	0.0	0.0
33	2	CP_EQ_2	EQ_3	0.0	0.0
33	2	CP_EQ_3	EQ_1	0.0	0.0
33	2	CP_EQ_3	EQ_2	0.0	0.0
33	2	CP_EQ_3	EQ_3	0.0	0.0
33	2	CP_EQ_4	EQ_1	0.0	0.0
33	2	CP_EQ_4	EQ_2	0.0	0.0
33	2	CP_EQ_4	EQ_3	0.0	0.0
33	3	CP_EQ_1	EQ_1	0.3	0.8110151838744357
33	3	CP_EQ_1	EQ_2	1.0	0.8597206924451644
33	0	CP_EQ_1	EQ_1	0.0	0.0
33	0	CP_EQ_1	EQ_2	0.0	0.0
33	0	CP_EQ_1	EQ_3	0.0	0.0
33	0	CP_EQ_2	EQ_1	0.0	0.0
33	0	CP_EQ_2	EQ_2	0.0	0.0
33	0	CP_EQ_2	EQ_3	0.0	0.0
33	0	CP_EQ_3	EQ_1	0.0	0.0
33	0	CP_EQ_3	EQ_2	0.0	0.0
33	0	CP_EQ_3	EQ_3	0.0	0.0
33	0	CP_EQ_4	EQ_1	0.0	0.0
33	0	CP_EQ_4	EQ_2	0.0	0.0
33	0	CP_EQ_4	EQ_3	0.0	0.0
127	2	CP_EQ_1	EQ_1	0.0	0.0
127	2	CP_EQ_2	EQ_1	0.0913907284768212	0.5514924653563971
127	0	CP_EQ_1	EQ_1	0.0913907284768212	0.5514924653563971
127	0	CP_EQ_1	EQ_2	0.004093740729753782	0.5514924653563971
127	0	CP_EQ_2	EQ_1	0.0913907284768212	0.5514924653563971
127	0	CP_EQ_2	EQ_2	0.004093740729753782	0.5514924653563971
127	1	CP_EQ_1	EQ_1	0.6764705882352942	0.8526228203815318
127	1	CP_EQ_1	EQ_2	0.533106255711556	0.8141428554512411
127	1	CP_EQ_1	EQ_3	0.19603005495121678	0.8110151838744357
127	1	CP_EQ_2	EQ_1	0.49018409594377815	0.8141428554512411
127	1	CP_EQ_2	EQ_2	0.6764705882352942	0.8494003136653085
127	1	CP_EQ_2	EQ_3	0.1484038940457324	0.8110151838744357
127	1	CP_EQ_3	EQ_1	0.008331069455763833	0.5567512580206774
127	1	CP_EQ_3	EQ_2	0.00612938328632659	0.5567512580206774
127	1	CP_EQ_3	EQ_3	0.01647859573705893	0.5567512580206774
182	0	CP_EQ_1	EQ_1	0.0	0.0
182	0	CP_EQ_2	EQ_1	0.0	0.0
182	0	CP_EQ_3	EQ_1	0.0	0.0
182	0	CP_EQ_4	EQ_1	0.0	0.0
182	0	CP_EQ_5	EQ_1	0.0	0.0
182	0	CP_EQ_6	EQ_1	0.0	0.0
182	0	CP_EQ_7	EQ_1	0.0	0.0
182	0	CP_EQ_8	EQ_1	0.0	0.0
182	0	CP_EQ_9	EQ_1	0.0	0.0
182	1	CP_EQ_1	EQ_1	0.0	0.0
182	2	CP_EQ_1	EQ_1	0.0	0.0
182	2	CP_EQ_2	EQ_1	0.0	0.0
182	2	CP_EQ_3	EQ_1	0.0	0.0
182	2	CP_EQ_4	EQ_1	0.0	0.0
182	2	CP_EQ_5	EQ_1	0.0	0.0
182	2	CP_EQ_6	EQ_1	0.0	0.0
182	2	CP_EQ_7	EQ_1	0.0	0.0
182	2	CP_EQ_8	EQ_1	0.0	0.0
182	2	CP_EQ_9	EQ_1	0.0	0.0
113	1	CP_EQ_1	EQ_1	0.0	0.0
113	1	CP_EQ_2	EQ_1	0.0	0.0
113	0	CP_EQ_1	EQ_1	0.0	0.0
113	0	CP_EQ_2	EQ_1	0.0	0.0
158	1	CP_EQ_1	EQ_1	0.21052631578947367	0.7691046685903521
158	0	CP_EQ_1	EQ_1	0.0	0.0
183	1	CP_EQ_1	EQ_1	0.36	0.6119068930153528
183	1	CP_EQ_2	EQ_1	0.0	0.0
183	0	CP_EQ_1	EQ_1	0.36	0.7657604790704121
183	0	CP_EQ_2	EQ_1	0.0	0.0
179	1	CP_EQ_1	EQ_1	0.0	0.0
179	0	CP_EQ_1	EQ_1	0.0	0.0
5	1	CP_EQ_1	EQ_1	0.0	0.0
5	1	CP_EQ_1	EQ_2	0.0	0.0
5	1	CP_EQ_2	EQ_1	0.34782608695652173	0.7691046685903521
5	1	CP_EQ_2	EQ_2	0.18181818181818182	0.7521145146772682
5	2	CP_EQ_1	EQ_1	0.0	0.0
5	2	CP_EQ_1	EQ_2	0.0	0.0
5	0	CP_EQ_1	EQ_1	0	0
5	0	CP_EQ_1	EQ_2	0	0
5	0	CP_EQ_2	EQ_1	0.0	0.0
5	0	CP_EQ_2	EQ_2	0.0	0.0
65	2	CP_EQ_1	EQ_1	0.0021598272138228943	0.5480173308598406
65	2	CP_EQ_1	EQ_2	0.002364066193853428	0.5480173308598406
65	2	CP_EQ_2	EQ_1	0.0021598272138228943	0.5480173308598406
65	2	CP_EQ_2	EQ_2	0.002364066193853428	0.5480173308598406
65	2	CP_EQ_3	EQ_1	0.0020768144435521834	0.5475664064378463
65	2	CP_EQ_3	EQ_2	0.0022732094686751733	0.5475664064378463
65	0	CP_EQ_1	EQ_1	0.001594896331738437	0.5480173308598406
65	0	CP_EQ_1	EQ_2	0.001594896331738437	0.5480173308598406
65	0	CP_EQ_2	EQ_1	0.001594896331738437	0.5480173308598406
65	0	CP_EQ_2	EQ_2	0.001594896331738437	0.5480173308598406
65	0	CP_EQ_3	EQ_1	0.001594896331738437	0.5480173308598406
65	0	CP_EQ_3	EQ_2	0.001594896331738437	0.5480173308598406
65	0	CP_EQ_4	EQ_1	0.0	0.0
65	0	CP_EQ_4	EQ_2	0.0	0.0
65	1	CP_EQ_1	EQ_1	0.0029850746268656717	0.5480173308598406
98	2	CP_EQ_1	EQ_1	0.0970464135021097	0.6122667798440267
98	2	CP_EQ_1	EQ_2	0.08070175438596491	0.6122667798440267
98	0	CP_EQ_1	EQ_1	0.0	0.0
98	1	CP_EQ_1	EQ_1	0.0	0.0
22	0	CP_EQ_1	EQ_1	0.0	0.0
22	1	CP_EQ_1	EQ_1	0.0	0.0
7	1	CP_EQ_1	EQ_1	0.0	0.0
7	1	CP_EQ_2	EQ_1	0.0	0.0
7	1	CP_EQ_3	EQ_1	0.0	0.0
7	1	CP_EQ_4	EQ_1	0.0	0.0
7	1	CP_EQ_5	EQ_1	0.0	0.0
7	1	CP_EQ_6	EQ_1	0.0	0.0
7	1	CP_EQ_7	EQ_1	0.0	0.0
7	0	CP_EQ_1	EQ_1	0.0	0.0
7	0	CP_EQ_2	EQ_1	0.0	0.0
7	0	CP_EQ_3	EQ_1	0.0	0.0
7	0	CP_EQ_4	EQ_1	0.0	0.0
7	0	CP_EQ_5	EQ_1	0.0	0.0
7	0	CP_EQ_6	EQ_1	0.0	0.0
7	0	CP_EQ_7	EQ_1	0.0	0.0
7	0	CP_EQ_8	EQ_1	0.0	0.0
7	0	CP_EQ_9	EQ_1	0.0	0.0
7	0	CP_EQ_10	EQ_1	0.0	0.0
7	0	CP_EQ_11	EQ_1	0.0	0.0
7	0	CP_EQ_12	EQ_1	0.0	0.0
7	0	CP_EQ_13	EQ_1	0.011086474501108648	0.36217717878799
7	0	CP_EQ_14	EQ_1	0.07462686567164178	0.8289003930493086
7	0	CP_EQ_15	EQ_1	0.011086474501108648	0.36217717878799
7	0	CP_EQ_16	EQ_1	0.07462686567164178	0.8289003930493086
112	0	CP_EQ_1	EQ_1	0.0	0.0
112	0	CP_EQ_1	EQ_2	0.0	0.0
112	0	CP_EQ_2	EQ_1	0.4883720930232558	0.8636599077480517
112	0	CP_EQ_2	EQ_2	0.11764705882352941	0.6914275773536575
112	1	CP_EQ_1	EQ_1	0.0	0.0
112	1	CP_EQ_1	EQ_2	0.0	0.0
112	1	CP_EQ_2	EQ_1	0.11413043478260869	0.6594417718982385
112	1	CP_EQ_2	EQ_2	0.2222222222222222	0.6914275773536575
58	1	CP_EQ_1	EQ_1	0.0	0.0
58	1	CP_EQ_1	EQ_2	0.0	0.0
58	1	CP_EQ_2	EQ_1	0.0	0.0
58	1	CP_EQ_2	EQ_2	0.0	0.0
58	1	CP_EQ_3	EQ_1	0.0	0.0
58	1	CP_EQ_3	EQ_2	0.0	0.0
58	1	CP_EQ_4	EQ_1	0.0	0.0
58	1	CP_EQ_4	EQ_2	0.0	0.0
58	1	CP_EQ_5	EQ_1	0.0	0.0
58	1	CP_EQ_5	EQ_2	0.0	0.0
58	0	CP_EQ_1	EQ_1	0.0	0.0
58	0	CP_EQ_2	EQ_1	0.0	0.0
58	0	CP_EQ_3	EQ_1	0.0	0.0
58	0	CP_EQ_4	EQ_1	0.0	0.0
58	0	CP_EQ_5	EQ_1	0.0	0.0
141	1	CP_EQ_1	EQ_1	0.001750291715285881	0.49473994310266134
141	1	CP_EQ_2	EQ_1	0.003056323679231553	0.6641147346402418
141	0	CP_EQ_1	EQ_1	0.0013428827215756492	0.49473994310266134
141	0	CP_EQ_2	EQ_1	0.0043541364296081275	0.6676795392854324
141	0	CP_EQ_3	EQ_1	0.0	0.0
141	0	CP_EQ_4	EQ_1	0.0	0.0
141	0	CP_EQ_5	EQ_1	0.0	0.0
141	0	CP_EQ_6	EQ_1	0.0	0.0
141	0	CP_EQ_7	EQ_1	0.0	0.0
95	1	CP_EQ_1	EQ_1	0.0	0.0
95	0	CP_EQ_1	EQ_1	0.0	0.0
161	1	CP_EQ_1	EQ_1	0.0	0.0
161	0	CP_EQ_1	EQ_1	0.0	0.0
190	0	CP_EQ_1	EQ_1	0.0	0.0
190	0	CP_EQ_2	EQ_1	0.0	0.0
190	0	CP_EQ_3	EQ_1	0.0	0.0
190	0	CP_EQ_4	EQ_1	0.0	0.0
190	0	CP_EQ_5	EQ_1	0.0	0.0
190	1	CP_EQ_1	EQ_1	0.0	0.0
190	1	CP_EQ_1	EQ_2	0.0	0.0
190	1	CP_EQ_2	EQ_1	0.0	0.0
190	1	CP_EQ_2	EQ_2	0.0	0.0
190	1	CP_EQ_3	EQ_1	0.0	0.0
190	1	CP_EQ_3	EQ_2	0.0	0.0
190	1	CP_EQ_4	EQ_1	0.0	0.0
190	1	CP_EQ_4	EQ_2	0.0	0.0
190	1	CP_EQ_5	EQ_1	0.0	0.0
190	1	CP_EQ_5	EQ_2	0.0	0.0
190	1	CP_EQ_6	EQ_1	0.0	0.0
190	1	CP_EQ_6	EQ_2	0.0	0.0
190	1	CP_EQ_7	EQ_1	0.0	0.0
190	1	CP_EQ_7	EQ_2	0.0	0.0
190	1	CP_EQ_8	EQ_1	0.0	0.0
190	1	CP_EQ_8	EQ_2	0.0	0.0
190	1	CP_EQ_9	EQ_1	0.0	0.0
190	1	CP_EQ_9	EQ_2	0.0	0.0
190	1	CP_EQ_10	EQ_1	0.0	0.0
190	1	CP_EQ_10	EQ_2	0.0	0.0
190	1	CP_EQ_11	EQ_1	0.0	0.0
190	1	CP_EQ_11	EQ_2	0.0	0.0
190	1	CP_EQ_12	EQ_1	0.0	0.0
190	1	CP_EQ_12	EQ_2	0.0	0.0
190	1	CP_EQ_13	EQ_1	0.0	0.0
190	1	CP_EQ_13	EQ_2	0.0	0.0
190	1	CP_EQ_14	EQ_1	0.0	0.0
190	1	CP_EQ_14	EQ_2	0.0	0.0
190	1	CP_EQ_15	EQ_1	0.0	0.0
190	1	CP_EQ_15	EQ_2	0.0	0.0
190	2	CP_EQ_1	EQ_1	0.0	0.0
190	2	CP_EQ_1	EQ_2	0.0	0.0
190	2	CP_EQ_2	EQ_1	0.0	0.0
190	2	CP_EQ_2	EQ_2	0.0	0.0
190	2	CP_EQ_3	EQ_1	0.0	0.0
190	2	CP_EQ_3	EQ_2	0.0	0.0
190	2	CP_EQ_4	EQ_1	0.0	0.0
190	2	CP_EQ_4	EQ_2	0.0	0.0
190	2	CP_EQ_5	EQ_1	0.0	0.0
190	2	CP_EQ_5	EQ_2	0.0	0.0
190	2	CP_EQ_6	EQ_1	0.0	0.0
190	2	CP_EQ_6	EQ_2	0.0	0.0
190	2	CP_EQ_7	EQ_1	0.0	0.0
190	2	CP_EQ_7	EQ_2	0.0	0.0
190	2	CP_EQ_8	EQ_1	0.0	0.0
190	2	CP_EQ_8	EQ_2	0.0	0.0
190	2	CP_EQ_9	EQ_1	0.0	0.0
190	2	CP_EQ_9	EQ_2	0.0	0.0
190	2	CP_EQ_10	EQ_1	0.0	0.0
190	2	CP_EQ_10	EQ_2	0.0	0.0
73	1	CP_EQ_1	EQ_1	0.04905660377358491	0.48818451258815354
73	1	CP_EQ_2	EQ_1	0.014245014245014245	0.5729357596498195
73	0	CP_EQ_1	EQ_1	0.06435643564356436	0.48818451258815354
73	0	CP_EQ_2	EQ_1	0.022222222222222223	0.5729357596498195
94	0	CP_EQ_1	EQ_1	0.0	0.0
94	0	CP_EQ_2	EQ_1	0.0	0.0
94	0	CP_EQ_3	EQ_1	0.0	0.0
94	2	CP_EQ_1	EQ_1	0.0	0.0
94	2	CP_EQ_2	EQ_1	0.0	0.0
94	1	CP_EQ_1	EQ_1	0.0	0.0
94	1	CP_EQ_2	EQ_1	0.0	0.0
94	1	CP_EQ_3	EQ_1	0.0	0.0
76	0	CP_EQ_1	EQ_1	0.0	0.0
76	0	CP_EQ_1	EQ_2	0.0	0.0
76	0	CP_EQ_2	EQ_1	0.0	0.0
76	0	CP_EQ_2	EQ_2	0.0	0.0
76	1	CP_EQ_1	EQ_1	0.0	0.0
76	1	CP_EQ_1	EQ_2	0.0	0.0
76	1	CP_EQ_2	EQ_1	0.0	0.0
76	1	CP_EQ_2	EQ_2	0.0	0.0
107	1	CP_EQ_1	EQ_1	0.0	0.0
107	1	CP_EQ_2	EQ_1	0.0	0.0
107	0	CP_EQ_1	EQ_1	0.0	0.0
107	0	CP_EQ_2	EQ_1	0.0	0.0
75	1	CP_EQ_1	EQ_1	0.0	0.0
75	1	CP_EQ_1	EQ_2	0.0	0.0
75	1	CP_EQ_2	EQ_1	0.0	0.0
75	1	CP_EQ_2	EQ_2	0.0	0.0
75	1	CP_EQ_3	EQ_1	0.08752327746741155	0.7757117238560745
75	1	CP_EQ_3	EQ_2	0.42105263157894735	0.8310702894968192
75	0	CP_EQ_1	EQ_1	0.0	0.0
75	0	CP_EQ_1	EQ_2	0.0	0.0
75	0	CP_EQ_2	EQ_1	0.0	0.0
75	0	CP_EQ_2	EQ_2	0.0	0.0
75	0	CP_EQ_3	EQ_1	0.08752327746741155	0.7757117238560745
75	0	CP_EQ_3	EQ_2	0.24615384615384617	0.8141428554512411
6	2	CP_EQ_1	EQ_1	0.5111561866125761	0.8192090758307077
6	2	CP_EQ_1	EQ_2	0.22666666666666666	0.8110151838744357
6	2	CP_EQ_2	EQ_1	0.014285714285714285	0.6351539710257358
6	2	CP_EQ_2	EQ_2	0.005429575215586075	0.556713149464945
6	2	CP_EQ_3	EQ_1	0.0	0.0
6	2	CP_EQ_3	EQ_2	0.0	0.0
6	0	CP_EQ_1	EQ_1	0.31690140845070425	0.6636380042559675
6	0	CP_EQ_1	EQ_2	0.0013807069219440354	0.460486521139862
6	0	CP_EQ_2	EQ_1	0.6	0.7931299746995627
6	0	CP_EQ_2	EQ_2	0.0024813895781637717	0.5758030070050323
6	0	CP_EQ_3	EQ_1	1.0	0.8228763975405472
6	0	CP_EQ_3	EQ_2	0.0024813895781637717	0.5758030070050323
6	0	CP_EQ_4	EQ_1	0.0	0.0
6	0	CP_EQ_4	EQ_2	0.0	0.0
6	0	CP_EQ_5	EQ_1	0	0
6	0	CP_EQ_5	EQ_2	0	0
6	3	CP_EQ_1	EQ_1	0	0
6	4	CP_EQ_1	EQ_1	0	0
6	1	CP_EQ_1	EQ_1	0.007334963325183374	0.581135395307166
6	1	CP_EQ_1	EQ_2	0.2857142857142857	0.8289003930493086
6	1	CP_EQ_2	EQ_1	0.022271714922048998	0.448534805278514
6	1	CP_EQ_2	EQ_2	0.0005776840645850785	0.4236983485281381
6	1	CP_EQ_3	EQ_1	0.14285714285714285	0.7764992209490641
6	1	CP_EQ_3	EQ_2	0.0030959752321981426	0.5758030070050323
6	1	CP_EQ_4	EQ_1	0.7142857142857143	0.8494003136653085
6	1	CP_EQ_4	EQ_2	0.006060606060606061	0.5765723220962904
6	1	CP_EQ_5	EQ_1	0.0	0.0
6	1	CP_EQ_5	EQ_2	0.0	0.0
6	1	CP_EQ_6	EQ_1	0.0	0.0
6	1	CP_EQ_6	EQ_2	0.0	0.0
78	1	CP_EQ_1	EQ_1	1.0	0.8407616067154203
78	1	CP_EQ_2	EQ_1	0.0	0.0
78	0	CP_EQ_1	EQ_1	1.0	0.8407616067154203
78	0	CP_EQ_2	EQ_1	0.0	0.0
31	1	CP_EQ_1	EQ_1	0.0	0.0
147	1	CP_EQ_1	EQ_1	0.9310344827586207	0.8494003136653085
147	0	CP_EQ_1	EQ_1	0.9310344827586207	0.8494003136653085
105	1	CP_EQ_1	EQ_1	0.0	0.0
105	1	CP_EQ_2	EQ_1	0.0	0.0
105	0	CP_EQ_1	EQ_1	0.0	0.0
69	1	CP_EQ_1	EQ_1	0.0	0.0
69	1	CP_EQ_2	EQ_1	0.0	0.0
69	0	CP_EQ_1	EQ_1	0.0	0.0
69	0	CP_EQ_2	EQ_1	0.0	0.0
178	0	CP_EQ_1	EQ_1	0.0	0.0
178	0	CP_EQ_1	EQ_2	0.0	0.0
178	0	CP_EQ_2	EQ_1	0.0	0.0
178	0	CP_EQ_2	EQ_2	0.0	0.0
178	1	CP_EQ_1	EQ_1	0.0	0.0
178	1	CP_EQ_1	EQ_2	0.0	0.0
178	1	CP_EQ_2	EQ_1	0.0	0.0
178	1	CP_EQ_2	EQ_2	0.0	0.0
178	1	CP_EQ_3	EQ_1	0.0	0.0
178	1	CP_EQ_3	EQ_2	0.0	0.0
115	3	CP_EQ_1	EQ_1	0.0	0.0
115	2	CP_EQ_1	EQ_1	0.0	0.0
115	2	CP_EQ_1	EQ_2	0.0	0.0
115	2	CP_EQ_1	EQ_3	0.0	0.0
115	2	CP_EQ_1	EQ_4	0.0	0.0
115	2	CP_EQ_2	EQ_1	0.0	0.0
115	2	CP_EQ_2	EQ_2	0.0	0.0
115	2	CP_EQ_2	EQ_3	0.0	0.0
115	2	CP_EQ_2	EQ_4	0.0	0.0
115	2	CP_EQ_3	EQ_1	0.0	0.0
115	2	CP_EQ_3	EQ_2	0.0	0.0
115	2	CP_EQ_3	EQ_3	0.0	0.0
115	2	CP_EQ_3	EQ_4	0.0	0.0
115	2	CP_EQ_4	EQ_1	0.0	0.0
115	2	CP_EQ_4	EQ_2	0.0	0.0
115	2	CP_EQ_4	EQ_3	0.0	0.0
115	2	CP_EQ_4	EQ_4	0.0	0.0
115	1	CP_EQ_1	EQ_1	0.0	0.0
115	1	CP_EQ_1	EQ_2	0.0	0.0
115	1	CP_EQ_2	EQ_1	0.0	0.0
115	1	CP_EQ_2	EQ_2	0.0	0.0
115	0	CP_EQ_1	EQ_1	0.0	0.0
115	0	CP_EQ_1	EQ_2	0.0	0.0
115	0	CP_EQ_1	EQ_3	0.0	0.0
115	0	CP_EQ_1	EQ_4	0.0	0.0
115	0	CP_EQ_1	EQ_5	0.0	0.0
115	0	CP_EQ_2	EQ_1	0.0	0.0
115	0	CP_EQ_2	EQ_2	0.0	0.0
115	0	CP_EQ_2	EQ_3	0.0	0.0
115	0	CP_EQ_2	EQ_4	0.0	0.0
115	0	CP_EQ_2	EQ_5	0.0	0.0
115	0	CP_EQ_3	EQ_1	0.0	0.0
115	0	CP_EQ_3	EQ_2	0.0	0.0
115	0	CP_EQ_3	EQ_3	0.0	0.0
115	0	CP_EQ_3	EQ_4	0.0	0.0
115	0	CP_EQ_3	EQ_5	0.0	0.0
115	0	CP_EQ_4	EQ_1	0.0	0.0
115	0	CP_EQ_4	EQ_2	0.0	0.0
115	0	CP_EQ_4	EQ_3	0.0	0.0
115	0	CP_EQ_4	EQ_4	0.0	0.0
115	0	CP_EQ_4	EQ_5	0.0	0.0
115	0	CP_EQ_5	EQ_1	0.0	0.0
115	0	CP_EQ_5	EQ_2	0.0	0.0
115	0	CP_EQ_5	EQ_3	0.0	0.0
115	0	CP_EQ_5	EQ_4	0.0	0.0
115	0	CP_EQ_5	EQ_5	0.0	0.0
170	2	CP_EQ_1	EQ_1	1.0	0.8725396812405707
170	0	CP_EQ_1	EQ_1	1.0	0.9047588793060533
170	1	CP_EQ_1	EQ_1	1.0	0.8725396812405707
51	0	CP_EQ_1	EQ_1	0.5	0.6570408117013866
51	2	CP_EQ_1	EQ_1	1.0	0.8463620535167237
51	1	CP_EQ_1	EQ_1	0.15384615384615385	0.6553899000751658
160	1	CP_EQ_1	EQ_1	0.0	0.0
160	0	CP_EQ_1	EQ_1	0.44813278008298757	0.8268156128434346
160	0	CP_EQ_1	EQ_2	0.11501597444089456	0.8228763975405472
93	1	CP_EQ_1	EQ_1	0.47692307692307695	0.8434881059612479
93	0	CP_EQ_1	EQ_1	0.47692307692307695	0.8434881059612479
109	1	CP_EQ_1	EQ_1	1.0	0.8381681615604518
109	0	CP_EQ_1	EQ_1	1.0	0.8381681615604518
3	1	CP_EQ_1	EQ_1	0	0
38	0	CP_EQ_1	EQ_1	0.0	0.0
38	0	CP_EQ_2	EQ_1	0.0	0.0
38	0	CP_EQ_3	EQ_1	0.0	0.0
38	0	CP_EQ_4	EQ_1	0.0	0.0
38	0	CP_EQ_5	EQ_1	0.0	0.0
38	0	CP_EQ_6	EQ_1	0.0	0.0
38	0	CP_EQ_7	EQ_1	0.0	0.0
38	1	CP_EQ_1	EQ_1	0.0	0.0
38	1	CP_EQ_2	EQ_1	0.0	0.0
38	1	CP_EQ_3	EQ_1	0.0	0.0
38	1	CP_EQ_4	EQ_1	0.0	0.0
38	1	CP_EQ_5	EQ_1	0.0	0.0
38	1	CP_EQ_6	EQ_1	0.0	0.0
38	1	CP_EQ_7	EQ_1	0.0	0.0
38	1	CP_EQ_8	EQ_1	0	0
38	2	CP_EQ_1	EQ_1	0.0	0.0
38	2	CP_EQ_2	EQ_1	0.0	0.0
38	2	CP_EQ_3	EQ_1	0.0	0.0
38	2	CP_EQ_4	EQ_1	0.0	0.0
38	2	CP_EQ_5	EQ_1	0.0	0.0
38	2	CP_EQ_6	EQ_1	0.0	0.0
38	2	CP_EQ_7	EQ_1	0.0	0.0
38	2	CP_EQ_8	EQ_1	0.0	0.0
38	2	CP_EQ_9	EQ_1	0.0	0.0
38	2	CP_EQ_10	EQ_1	0.0	0.0
38	2	CP_EQ_11	EQ_1	0.0	0.0
38	2	CP_EQ_12	EQ_1	0.0	0.0
38	2	CP_EQ_13	EQ_1	0.0	0.0
38	2	CP_EQ_14	EQ_1	0.0	0.0
38	2	CP_EQ_15	EQ_1	0.0	0.0
20	0	CP_EQ_1	EQ_1	0.0	0.0
20	0	CP_EQ_1	EQ_2	0.0	0.0
20	1	CP_EQ_1	EQ_1	0.0	0.0
20	1	CP_EQ_1	EQ_2	0.0	0.0
44	1	CP_EQ_1	EQ_1	0.013088189467123715	0.621340592210092
44	1	CP_EQ_1	EQ_2	0.013088189467123715	0.621340592210092
44	0	CP_EQ_1	EQ_1	0.013088189467123715	0.6562089468122764
44	0	CP_EQ_1	EQ_2	0.013088189467123715	0.6562089468122764
153	1	CP_EQ_1	EQ_1	0.0	0.0
153	1	CP_EQ_2	EQ_1	0.19298245614035087	0.5990085434265372
153	0	CP_EQ_1	EQ_1	0.0	0.0
153	0	CP_EQ_2	EQ_1	0.19298245614035087	0.6120146034504736
32	0	CP_EQ_1	EQ_1	0.0	0.0
32	0	CP_EQ_2	EQ_1	0.0	0.0
32	0	CP_EQ_3	EQ_1	0.0	0.0
32	0	CP_EQ_4	EQ_1	0.0	0.0
32	0	CP_EQ_5	EQ_1	0.0	0.0
32	0	CP_EQ_6	EQ_1	0.0	0.0
32	0	CP_EQ_7	EQ_1	0.0	0.0
32	0	CP_EQ_8	EQ_1	0.0	0.0
32	0	CP_EQ_9	EQ_1	0.0	0.0
32	0	CP_EQ_10	EQ_1	0.0	0.0
32	0	CP_EQ_11	EQ_1	0.0	0.0
32	0	CP_EQ_12	EQ_1	0.0	0.0
32	0	CP_EQ_13	EQ_1	0.0	0.0
32	0	CP_EQ_14	EQ_1	0.0	0.0
32	1	CP_EQ_1	EQ_1	0.0	0.0
32	1	CP_EQ_2	EQ_1	0.0	0.0
32	1	CP_EQ_3	EQ_1	0.0	0.0
32	1	CP_EQ_4	EQ_1	0.0	0.0
32	1	CP_EQ_5	EQ_1	0.0	0.0
32	1	CP_EQ_6	EQ_1	0.0	0.0
32	1	CP_EQ_7	EQ_1	0.0	0.0
32	1	CP_EQ_8	EQ_1	0.0	0.0
32	1	CP_EQ_9	EQ_1	0.0	0.0
32	1	CP_EQ_10	EQ_1	0.0	0.0
32	1	CP_EQ_11	EQ_1	0.0	0.0
32	1	CP_EQ_12	EQ_1	0.0	0.0
32	1	CP_EQ_13	EQ_1	0.0	0.0
32	1	CP_EQ_14	EQ_1	0.0	0.0
180	1	CP_EQ_1	EQ_1	1.0	0.8494003136653085
180	2	CP_EQ_1	EQ_1	1.0	0.8494003136653085
180	0	CP_EQ_1	EQ_1	1.0	0.8494003136653085
122	1	CP_EQ_1	EQ_1	0.004022121669180492	0.4871041297877419
122	0	CP_EQ_1	EQ_1	0.0	0.0
159	0	CP_EQ_1	EQ_1	0.002392007879555368	0.6063279708474854
159	0	CP_EQ_2	EQ_1	0.0	0.0
159	0	CP_EQ_3	EQ_1	0.002392007879555368	0.6063279708474854
159	0	CP_EQ_4	EQ_1	0.0	0.0
159	0	CP_EQ_5	EQ_1	0.0015141087405368204	0.4871041297877419
159	1	CP_EQ_1	EQ_1	0.0018059431948776884	0.4871041297877419
159	1	CP_EQ_2	EQ_1	0.0028633990230756273	0.6063279708474854
159	1	CP_EQ_3	EQ_1	0.0	0.0
159	1	CP_EQ_4	EQ_1	0.001804757998359311	0.4871041297877419
169	0	CP_EQ_1	EQ_1	0.0	0.0
169	0	CP_EQ_2	EQ_1	0.0	0.0
169	0	CP_EQ_3	EQ_1	0.0	0.0
169	0	CP_EQ_4	EQ_1	0.0	0.0
169	0	CP_EQ_5	EQ_1	0.0	0.0
169	0	CP_EQ_6	EQ_1	0.0	0.0
169	1	CP_EQ_1	EQ_1	0.0	0.0
169	1	CP_EQ_2	EQ_1	0.0	0.0
169	1	CP_EQ_3	EQ_1	0.0	0.0
9	1	CP_EQ_1	EQ_1	0.03007518796992481	0.4871041297877419
9	1	CP_EQ_2	EQ_1	0.0	0.0
9	0	CP_EQ_1	EQ_1	0.0	0.0
9	0	CP_EQ_2	EQ_1	0.0	0.0
18	1	CP_EQ_1	EQ_1	0.002213448193347691	0.5942476138162334
18	0	CP_EQ_1	EQ_1	0.002213448193347691	0.5942476138162334
97	1	CP_EQ_1	EQ_1	0.0026055237102657635	0.36985085903346904
97	1	CP_EQ_2	EQ_1	0.0	0.0
97	0	CP_EQ_1	EQ_1	0.0	0.0
172	1	CP_EQ_1	EQ_1	0.0	0.0
172	1	CP_EQ_2	EQ_1	0.0	0.0
172	0	CP_EQ_1	EQ_1	0.0	0.0
185	1	CP_EQ_1	EQ_1	0.001955967976710335	0.5913682500103408
185	0	CP_EQ_1	EQ_1	0.0	0.0
82	1	CP_EQ_1	EQ_1	0.16666666666666666	0.5360914647452024
82	1	CP_EQ_1	EQ_2	0.00847457627118644	0.6140663292469036
82	1	CP_EQ_1	EQ_3	0.01594896331738437	0.3665255477071866
82	1	CP_EQ_2	EQ_1	1.0	0.7823647809260906
82	1	CP_EQ_2	EQ_2	0.0033500837520938024	0.5360914647452024
82	1	CP_EQ_2	EQ_3	0.02089864158829676	0.4679363577095533
82	1	CP_EQ_3	EQ_1	0.18181818181818182	0.695416078781118
82	1	CP_EQ_3	EQ_2	0.0016863406408094434	0.5359709901685186
82	1	CP_EQ_3	EQ_3	0.078125	0.5878326996760393
82	2	CP_EQ_1	EQ_1	1.0	0.8381681615604518
82	2	CP_EQ_1	EQ_2	0.0033500837520938024	0.5360914647452024
82	2	CP_EQ_2	EQ_1	0.0	0.0
82	2	CP_EQ_2	EQ_2	0.0	0.0
82	0	CP_EQ_1	EQ_1	1.0	0.7823647809260906
82	0	CP_EQ_1	EQ_2	0.02089864158829676	0.4679363577095533
82	0	CP_EQ_1	EQ_3	0.002797202797202797	0.5360914647452024
82	0	CP_EQ_2	EQ_1	0.0	0.0
82	0	CP_EQ_2	EQ_2	0.0	0.0
82	0	CP_EQ_2	EQ_3	0.0	0.0
82	0	CP_EQ_3	EQ_1	0.18181818181818182	0.695416078781118
82	0	CP_EQ_3	EQ_2	0.078125	0.5878326996760393
82	0	CP_EQ_3	EQ_3	0.0014064697609001407	0.5359709901685186
55	0	CP_EQ_1	EQ_1	0.0	0.0
55	1	CP_EQ_1	EQ_1	0.0	0.0
55	1	CP_EQ_1	EQ_2	0.0	0.0
55	1	CP_EQ_2	EQ_1	0.0	0.0
55	1	CP_EQ_2	EQ_2	0.0	0.0
55	1	CP_EQ_3	EQ_1	0.0	0.0
55	1	CP_EQ_3	EQ_2	0.0	0.0
55	1	CP_EQ_4	EQ_1	0.0035335689045936395	0.6034676222896005
55	1	CP_EQ_4	EQ_2	0.003472222222222222	0.6034676222896005
55	1	CP_EQ_5	EQ_1	0.0035335689045936395	0.6034676222896005
55	1	CP_EQ_5	EQ_2	0.003472222222222222	0.6034676222896005
55	2	CP_EQ_1	EQ_1	1.0	0.8210111155744947
174	1	CP_EQ_1	EQ_1	0.0	0.0
174	1	CP_EQ_2	EQ_1	0.0	0.0
174	1	CP_EQ_3	EQ_1	1.0	0.8381681615604518
174	0	CP_EQ_1	EQ_1	0.0	0.0
174	0	CP_EQ_2	EQ_1	0.0	0.0
174	0	CP_EQ_3	EQ_1	1.0	0.8381681615604518
28	1	CP_EQ_1	EQ_1	0.0	0.0
28	1	CP_EQ_2	EQ_1	0.007233273056057866	0.5142753922825876
28	0	CP_EQ_1	EQ_1	0.0	0.0
60	1	CP_EQ_1	EQ_1	0.0	0.0
60	1	CP_EQ_2	EQ_1	0.0	0.0
60	1	CP_EQ_3	EQ_1	0.10526315789473684	0.7850912801719183
60	1	CP_EQ_4	EQ_1	0	0
60	1	CP_EQ_5	EQ_1	0.0	0.0
60	1	CP_EQ_6	EQ_1	0.0	0.0
60	1	CP_EQ_7	EQ_1	0.0	0.0
60	1	CP_EQ_8	EQ_1	0.0	0.0
60	1	CP_EQ_9	EQ_1	0.0	0.0
60	1	CP_EQ_10	EQ_1	0.0	0.0
60	1	CP_EQ_11	EQ_1	0.0	0.0
60	0	CP_EQ_1	EQ_1	1.0	0.8494003136653085
60	0	CP_EQ_1	EQ_2	0.21428571428571427	0.7420899356676807
60	0	CP_EQ_2	EQ_1	0.0	0.0
60	0	CP_EQ_2	EQ_2	0.0	0.0
60	0	CP_EQ_3	EQ_1	0.21428571428571427	0.7420899356676807
60	0	CP_EQ_3	EQ_2	1.0	0.7942259945922021
23	1	CP_EQ_1	EQ_1	0.0	0.0
23	1	CP_EQ_2	EQ_1	0.0	0.0
23	1	CP_EQ_3	EQ_1	0.0	0.0
23	1	CP_EQ_4	EQ_1	0.0	0.0
23	1	CP_EQ_5	EQ_1	0	0
23	1	CP_EQ_6	EQ_1	0.0	0.0
23	1	CP_EQ_7	EQ_1	0.0	0.0
23	1	CP_EQ_8	EQ_1	0.0	0.0
23	0	CP_EQ_1	EQ_1	0.0	0.0
23	0	CP_EQ_2	EQ_1	0.0	0.0
23	0	CP_EQ_3	EQ_1	0.0	0.0
23	0	CP_EQ_4	EQ_1	0.0	0.0
23	0	CP_EQ_5	EQ_1	0	0
23	0	CP_EQ_6	EQ_1	0.0	0.0
23	0	CP_EQ_7	EQ_1	0.0	0.0
23	0	CP_EQ_8	EQ_1	0.0	0.0
166	2	CP_EQ_1	EQ_1	0.0	0.0
166	2	CP_EQ_1	EQ_2	0.0	0.0
166	2	CP_EQ_2	EQ_1	0.0	0.0
166	2	CP_EQ_2	EQ_2	0.0	0.0
166	2	CP_EQ_3	EQ_1	0	0
166	2	CP_EQ_3	EQ_2	0	0
166	0	CP_EQ_1	EQ_1	0.0	0.0
166	0	CP_EQ_1	EQ_2	0.0	0.0
166	0	CP_EQ_2	EQ_1	0.0	0.0
166	0	CP_EQ_2	EQ_2	0.0	0.0
166	0	CP_EQ_3	EQ_1	0	0
166	0	CP_EQ_3	EQ_2	0	0
166	1	CP_EQ_1	EQ_1	0.0	0.0
166	1	CP_EQ_1	EQ_2	0.0	0.0
166	1	CP_EQ_2	EQ_1	0.0	0.0
166	1	CP_EQ_2	EQ_2	0.0	0.0
145	0	CP_EQ_1	EQ_1	0.0	0.0
145	3	CP_EQ_1	EQ_1	0.0	0.0
145	1	CP_EQ_1	EQ_1	0.0	0.0
145	2	CP_EQ_1	EQ_1	0.0	0.0
100	1	CP_EQ_1	EQ_1	0.0	0.0
100	0	CP_EQ_1	EQ_1	0.9714285714285714	0.7670730169061862
100	0	CP_EQ_2	EQ_1	0.0	0.0
200	0	CP_EQ_1	EQ_1	0.0	0.0
200	1	CP_EQ_1	EQ_1	0.0	0.0
164	1	CP_EQ_1	EQ_1	0.0018914107699154429	0.4467949104065093
164	1	CP_EQ_2	EQ_1	0.00950889361226088	0.5273417392002994
164	0	CP_EQ_1	EQ_1	0.0	0.0
164	0	CP_EQ_2	EQ_1	0.007592675301473872	0.4538489865317629
70	3	CP_EQ_1	EQ_1	0.005901287553648069	0.5581416857609568
70	3	CP_EQ_2	EQ_1	0.0	0.0
70	3	CP_EQ_3	EQ_1	0.0	0.0
70	3	CP_EQ_4	EQ_1	0.0	0.0
70	3	CP_EQ_5	EQ_1	0	0
70	3	CP_EQ_6	EQ_1	0.0	0.0
70	3	CP_EQ_7	EQ_1	0.0	0.0
70	3	CP_EQ_8	EQ_1	0.0	0.0
70	0	CP_EQ_1	EQ_1	0.2909090909090909	0.6652766406077975
70	0	CP_EQ_2	EQ_1	0	0
70	2	CP_EQ_1	EQ_1	0.0019178625752265062	0.47767741157554244
70	2	CP_EQ_2	EQ_1	0	0
70	2	CP_EQ_3	EQ_1	0.0019178625752265062	0.47767741157554244
70	2	CP_EQ_4	EQ_1	0	0
70	1	CP_EQ_1	EQ_1	0.001471259702704074	0.47767741157554244
70	1	CP_EQ_2	EQ_1	0	0
70	1	CP_EQ_3	EQ_1	0.001471259702704074	0.47767741157554244
70	1	CP_EQ_4	EQ_1	0	0
83	1	CP_EQ_1	EQ_1	0.32075471698113206	0.805263081958722
83	1	CP_EQ_1	EQ_2	0.34	0.805263081958722
83	1	CP_EQ_2	EQ_1	0.0	0.0
83	1	CP_EQ_2	EQ_2	0.0	0.0
83	1	CP_EQ_3	EQ_1	0.42857142857142855	0.6804706031621278
83	1	CP_EQ_3	EQ_2	0.4657534246575342	0.7181023951597345
83	1	CP_EQ_4	EQ_1	0.0	0.0
83	1	CP_EQ_4	EQ_2	0.0	0.0
83	1	CP_EQ_5	EQ_1	0.42857142857142855	0.6804706031621278
83	1	CP_EQ_5	EQ_2	0.4657534246575342	0.7181023951597345
83	0	CP_EQ_1	EQ_1	0.0	0.0
83	0	CP_EQ_1	EQ_2	0.0	0.0
83	0	CP_EQ_2	EQ_1	0.0	0.0
83	0	CP_EQ_2	EQ_2	0.0	0.0
83	0	CP_EQ_3	EQ_1	0.0	0.0
83	0	CP_EQ_3	EQ_2	0.0	0.0
83	0	CP_EQ_4	EQ_1	0.0	0.0
83	0	CP_EQ_4	EQ_2	0.0	0.0
83	0	CP_EQ_5	EQ_1	0.0	0.0
83	0	CP_EQ_5	EQ_2	0.0	0.0
74	0	CP_EQ_1	EQ_1	1.0	0.8407616067154203
74	1	CP_EQ_1	EQ_1	1.0	0.8407616067154203
86	1	CP_EQ_1	EQ_1	0.2300395256916996	0.7091210061104729
86	1	CP_EQ_2	EQ_1	0.0	0.0
86	1	CP_EQ_3	EQ_1	0.0	0.0
86	1	CP_EQ_4	EQ_1	0.0	0.0
86	0	CP_EQ_1	EQ_1	0.0	0.0
86	0	CP_EQ_2	EQ_1	0.0	0.0
86	0	CP_EQ_3	EQ_1	0.0	0.0
86	0	CP_EQ_4	EQ_1	0.0	0.0
56	0	CP_EQ_1	EQ_1	0.0	0.0
56	0	CP_EQ_2	EQ_1	0.0	0.0
56	1	CP_EQ_1	EQ_1	0.0	0.0
56	1	CP_EQ_2	EQ_1	0.0	0.0
139	1	CP_EQ_1	EQ_1	1.0	0.8494003136653085
139	1	CP_EQ_2	EQ_1	0.0	0.0
139	1	CP_EQ_3	EQ_1	0.0	0.0
139	0	CP_EQ_1	EQ_1	0.0	0.0
139	0	CP_EQ_2	EQ_1	0.0	0.0
139	0	CP_EQ_3	EQ_1	0.0	0.0
132	1	CP_EQ_1	EQ_1	0.7317073170731707	0.8210111155744947
132	0	CP_EQ_1	EQ_1	0.2797427652733119	0.7931299746995627
132	0	CP_EQ_2	EQ_1	0	0
62	1	CP_EQ_1	EQ_1	0.0	0.0
62	1	CP_EQ_2	EQ_1	0.0	0.0
62	0	CP_EQ_1	EQ_1	0.0	0.0
108	1	CP_EQ_1	EQ_1	0.0	0.0
108	1	CP_EQ_1	EQ_2	0.0	0.0
108	1	CP_EQ_2	EQ_1	0.0	0.0
108	1	CP_EQ_2	EQ_2	0.0	0.0
108	1	CP_EQ_3	EQ_1	0.0	0.0
108	1	CP_EQ_3	EQ_2	0.0	0.0
108	1	CP_EQ_4	EQ_1	0.0	0.0
108	1	CP_EQ_4	EQ_2	0.0	0.0
108	1	CP_EQ_5	EQ_1	0.0	0.0
108	1	CP_EQ_5	EQ_2	0.0	0.0
108	1	CP_EQ_6	EQ_1	0.0	0.0
108	1	CP_EQ_6	EQ_2	0.0	0.0
108	1	CP_EQ_7	EQ_1	0.0	0.0
108	1	CP_EQ_7	EQ_2	0.0	0.0
108	0	CP_EQ_1	EQ_1	0.0	0.0
108	0	CP_EQ_1	EQ_2	0.0	0.0
108	0	CP_EQ_2	EQ_1	0.0	0.0
108	0	CP_EQ_2	EQ_2	0.0	0.0
108	0	CP_EQ_3	EQ_1	0.0	0.0
108	0	CP_EQ_3	EQ_2	0.0	0.0
108	0	CP_EQ_4	EQ_1	0.0	0.0
108	0	CP_EQ_4	EQ_2	0.0	0.0
108	0	CP_EQ_5	EQ_1	0.0	0.0
108	0	CP_EQ_5	EQ_2	0.0	0.0
108	0	CP_EQ_6	EQ_1	0.0	0.0
108	0	CP_EQ_6	EQ_2	0.0	0.0
108	0	CP_EQ_7	EQ_1	0.0	0.0
108	0	CP_EQ_7	EQ_2	0.0	0.0
108	0	CP_EQ_8	EQ_1	0.0	0.0
108	0	CP_EQ_8	EQ_2	0.0	0.0
157	1	CP_EQ_1	EQ_1	1.0	0.8013238666558348
157	0	CP_EQ_1	EQ_1	1.0	0.8013238666558348
195	1	CP_EQ_1	EQ_1	1.0	0.8407616067154203
195	0	CP_EQ_1	EQ_1	1.0	0.8636599077480517
195	0	CP_EQ_1	EQ_2	0.4444444444444444	0.7976565449459952
15	1	CP_EQ_1	EQ_1	0	0
81	1	CP_EQ_1	EQ_1	0.0	0.0
81	1	CP_EQ_2	EQ_1	0.22058823529411764	0.759643959462495
81	0	CP_EQ_1	EQ_1	0.0	0.0
81	0	CP_EQ_2	EQ_1	0.0	0.0
84	0	CP_EQ_1	EQ_1	1.0	0.8381681615604518
84	1	CP_EQ_1	EQ_1	1.0	0.8381681615604518
193	1	CP_EQ_1	EQ_1	0.0011478764286070768	0.47886765208805604
193	1	CP_EQ_2	EQ_1	0.0	0.0
193	0	CP_EQ_1	EQ_1	0.0013759272553242401	0.47886765208805604
193	0	CP_EQ_2	EQ_1	0.0	0.0
194	0	CP_EQ_1	EQ_1	0.5573770491803278	0.8463620535167237
194	1	CP_EQ_1	EQ_1	0.0	0.0
154	1	CP_EQ_1	EQ_1	0.0	0.0
154	1	CP_EQ_2	EQ_1	0.0	0.0
154	0	CP_EQ_1	EQ_1	0.0	0.0
154	0	CP_EQ_2	EQ_1	0.0	0.0
165	1	CP_EQ_1	EQ_1	0.0	0.0
165	1	CP_EQ_1	EQ_2	0.0	0.0
165	1	CP_EQ_1	EQ_3	0.0	0.0
165	1	CP_EQ_2	EQ_1	0.0	0.0
165	1	CP_EQ_2	EQ_2	0.0	0.0
165	1	CP_EQ_2	EQ_3	0.0	0.0
165	1	CP_EQ_3	EQ_1	0.0	0.0
165	1	CP_EQ_3	EQ_2	0.0	0.0
165	1	CP_EQ_3	EQ_3	0.0	0.0
165	1	CP_EQ_4	EQ_1	0.01440922190201729	0.8080613639049171
165	1	CP_EQ_4	EQ_2	0.0	0.0
165	1	CP_EQ_4	EQ_3	0.0	0.0
165	1	CP_EQ_5	EQ_1	0.0	0.0
165	1	CP_EQ_5	EQ_2	0.0018083182640144665	0.4638569962662616
165	1	CP_EQ_5	EQ_3	0.003236245954692557	0.6568733939833217
165	1	CP_EQ_6	EQ_1	0.01440922190201729	0.8080613639049171
165	1	CP_EQ_6	EQ_2	0.0	0.0
165	1	CP_EQ_6	EQ_3	0.0	0.0
165	1	CP_EQ_7	EQ_1	0.06578947368421052	0.8463620535167237
165	1	CP_EQ_7	EQ_2	0.0	0.0
165	1	CP_EQ_7	EQ_3	0.0	0.0
165	1	CP_EQ_8	EQ_1	0.0	0.0
165	1	CP_EQ_8	EQ_2	0.0	0.0
165	1	CP_EQ_8	EQ_3	0.0	0.0
165	1	CP_EQ_9	EQ_1	0.0	0.0
165	1	CP_EQ_9	EQ_2	0.0	0.0
165	1	CP_EQ_9	EQ_3	0.0	0.0
165	1	CP_EQ_10	EQ_1	0.0	0.0
165	1	CP_EQ_10	EQ_2	0.0	0.0
165	1	CP_EQ_10	EQ_3	0.0	0.0
165	1	CP_EQ_11	EQ_1	0	0
165	1	CP_EQ_11	EQ_2	0	0
165	1	CP_EQ_11	EQ_3	0	0
165	0	CP_EQ_1	EQ_1	0.0	0.0
165	0	CP_EQ_1	EQ_2	0.0	0.0
165	0	CP_EQ_1	EQ_3	0.0	0.0
165	0	CP_EQ_2	EQ_1	0.0	0.0
165	0	CP_EQ_2	EQ_2	0.0	0.0
165	0	CP_EQ_2	EQ_3	0.0	0.0
165	0	CP_EQ_3	EQ_1	0.0	0.0
165	0	CP_EQ_3	EQ_2	0.0	0.0
165	0	CP_EQ_3	EQ_3	0.0	0.0
165	0	CP_EQ_4	EQ_1	0.0	0.0
165	0	CP_EQ_4	EQ_2	0.0	0.0
165	0	CP_EQ_4	EQ_3	0.0	0.0
165	0	CP_EQ_5	EQ_1	0.0	0.0
165	0	CP_EQ_5	EQ_2	0.0	0.0
165	0	CP_EQ_5	EQ_3	0.0	0.0
165	0	CP_EQ_6	EQ_1	0.0	0.0
165	0	CP_EQ_6	EQ_2	0.0	0.0
165	0	CP_EQ_6	EQ_3	0.0	0.0
165	0	CP_EQ_7	EQ_1	0.06578947368421052	0.8381681615604518
165	0	CP_EQ_7	EQ_2	0.0	0.0
165	0	CP_EQ_7	EQ_3	0.0	0.0
165	0	CP_EQ_8	EQ_1	0.0	0.0
165	0	CP_EQ_8	EQ_2	0.0	0.0
165	0	CP_EQ_8	EQ_3	0.0	0.0
165	0	CP_EQ_9	EQ_1	0.0	0.0
165	0	CP_EQ_9	EQ_2	0.0	0.0
165	0	CP_EQ_9	EQ_3	0.0	0.0
165	0	CP_EQ_10	EQ_1	0.0	0.0
165	0	CP_EQ_10	EQ_2	0.0	0.0
165	0	CP_EQ_10	EQ_3	0.0	0.0
165	0	CP_EQ_11	EQ_1	0	0
165	0	CP_EQ_11	EQ_2	0	0
165	0	CP_EQ_11	EQ_3	0	0
199	0	CP_EQ_1	EQ_1	0.0	0.0
199	0	CP_EQ_2	EQ_1	0.0	0.0
199	1	CP_EQ_1	EQ_1	0.3625	0.8381681615604518
192	1	CP_EQ_1	EQ_1	0.0	0.0
192	0	CP_EQ_1	EQ_1	0.0	0.0
126	1	CP_EQ_1	EQ_1	0	0
126	0	CP_EQ_1	EQ_1	0	0
68	1	CP_EQ_1	EQ_1	0.0	0.0
68	1	CP_EQ_2	EQ_1	0.6931818181818182	0.8192090758307077
68	1	CP_EQ_3	EQ_1	0.0	0.0
68	0	CP_EQ_1	EQ_1	0.0	0.0
68	0	CP_EQ_2	EQ_1	0.0	0.0
68	0	CP_EQ_3	EQ_1	0.0	0.0
21	0	CP_EQ_1	EQ_1	0	0
21	1	CP_EQ_1	EQ_1	0.0	0.0
21	1	CP_EQ_2	EQ_1	0.0	0.0
21	1	CP_EQ_3	EQ_1	0.1834862385321101	0.7664126968426817
21	1	CP_EQ_4	EQ_1	0.008309098462816784	0.6287760749109432
21	1	CP_EQ_5	EQ_1	0.17272727272727273	0.7233806001932159
21	1	CP_EQ_6	EQ_1	0.0	0.0
21	1	CP_EQ_7	EQ_1	0.0	0.0
201	0	CP_EQ_1	EQ_1	0.0	0.0
201	2	CP_EQ_1	EQ_1	1.0	0.8228763975405472
201	1	CP_EQ_1	EQ_1	0.375	0.8066438110566309
13	0	CP_EQ_1	EQ_1	0.004310344827586207	0.6945601008387811
25	1	CP_EQ_1	EQ_1	0.0	0.0
25	1	CP_EQ_2	EQ_1	0.0	0.0
25	0	CP_EQ_1	EQ_1	0.0	0.0
25	0	CP_EQ_2	EQ_1	0.0	0.0
72	1	CP_EQ_1	EQ_1	0.0	0.0
72	0	CP_EQ_1	EQ_1	0.0	0.0
135	1	CP_EQ_1	EQ_1	0.0	0.0
135	1	CP_EQ_2	EQ_1	0.0	0.0
135	1	CP_EQ_3	EQ_1	0.0	0.0
135	1	CP_EQ_4	EQ_1	0.0	0.0
135	1	CP_EQ_5	EQ_1	0.0	0.0
135	1	CP_EQ_6	EQ_1	0.44339622641509435	0.8013238666558348
135	1	CP_EQ_7	EQ_1	0.0	0.0
135	1	CP_EQ_8	EQ_1	0.0	0.0
135	1	CP_EQ_9	EQ_1	0.0	0.0
135	1	CP_EQ_10	EQ_1	0.0	0.0
135	0	CP_EQ_1	EQ_1	0.0	0.0
135	0	CP_EQ_2	EQ_1	0.0	0.0
135	0	CP_EQ_3	EQ_1	0.0	0.0
135	0	CP_EQ_4	EQ_1	0.0	0.0
135	0	CP_EQ_5	EQ_1	0.0	0.0
135	0	CP_EQ_6	EQ_1	0.44339622641509435	0.8013238666558348
135	0	CP_EQ_7	EQ_1	0.0	0.0
135	0	CP_EQ_8	EQ_1	0.0	0.0
135	0	CP_EQ_9	EQ_1	0.0	0.0
135	0	CP_EQ_10	EQ_1	0.0	0.0
137	2	CP_EQ_1	EQ_1	0.0	0.0
137	1	CP_EQ_1	EQ_1	1.0	0.8434881059612479
137	1	CP_EQ_2	EQ_1	0.0	0.0
137	0	CP_EQ_1	EQ_1	1.0	0.8434881059612479
137	0	CP_EQ_2	EQ_1	0.0	0.0
123	1	CP_EQ_1	EQ_1	0.0	0.0
123	0	CP_EQ_1	EQ_1	0.44813278008298757	0.8268156128434346
123	0	CP_EQ_1	EQ_2	0.08695652173913043	0.7860321026359302
26	1	CP_EQ_1	EQ_1	1.0	0.8560533707353247
26	1	CP_EQ_1	EQ_2	0.25	0.8268156128434346
26	1	CP_EQ_2	EQ_1	0.0	0.0
26	1	CP_EQ_2	EQ_2	0.0	0.0
26	0	CP_EQ_1	EQ_1	0.0017517517517517517	0.5583246188671775
26	0	CP_EQ_2	EQ_1	0.0	0.0
26	0	CP_EQ_3	EQ_1	0.0	0.0
26	0	CP_EQ_4	EQ_1	0.0017517517517517517	0.5583246188671775
53	0	CP_EQ_1	EQ_1	0.2807017543859649	0.6901619203807288
53	0	CP_EQ_2	EQ_1	0.0	0.0
53	1	CP_EQ_1	EQ_1	0	0
53	1	CP_EQ_2	EQ_1	0	0
53	1	CP_EQ_3	EQ_1	0.0	0.0
53	1	CP_EQ_4	EQ_1	0.0	0.0
3	0	CP_EQ_1	EQ_1	0	0
13	1	CP_EQ_1	EQ_1	0	0
15	0	CP_EQ_1	EQ_1	0	0
16	0	CP_EQ_1	EQ_1	0	0
16	1	CP_EQ_1	EQ_1	0	0
31	0	CP_EQ_1	EQ_1	0	0
65	3	CP_EQ_1	EQ_1	0	0
103	0	CP_EQ_1	EQ_1	0	0
150	0	CP_EQ_1	EQ_1	0	0
150	1	CP_EQ_1	EQ_1	0	0
150	2	CP_EQ_1	EQ_1	0	0
150	3	CP_EQ_1	EQ_1	0	0
187	0	CP_EQ_1	EQ_1	0	0
187	0	CP_EQ_1	EQ_2	0	0
187	0	CP_EQ_1	EQ_3	0	0
187	0	CP_EQ_1	EQ_4	0	0
187	1	CP_EQ_1	EQ_1	0	0
187	1	CP_EQ_1	EQ_2	0	0
187	1	CP_EQ_1	EQ_3	0	0
187	1	CP_EQ_1	EQ_4	0	0
