Character Number	State Number	SimJ Partial Precision
1	0	0.5013071895424837
1	1	0.09221628045157457
1	2	0.500677048070413
2	0	0.45454545454545453
2	1	0.45884758516337465
3	0	0.0050042893909064915
3	1	0.0050042893909064915
4	0	0.46153846153846156
4	1	0.46153846153846156
5	0	0.2648221343873518
5	1	0.2648221343873518
5	2	0.0
6	0	1.0
6	1	0.5
6	2	0.5940298507462687
6	3	0.0
6	4	0.0
7	0	0.05856832971800434
7	1	0.08059701492537313
8	0	0.6888888888888889
8	1	0.07016577893711959
9	0	0.125
9	1	0.06666666666666667
10	0	1.0
10	1	0.5714285714285714
10	2	1.0
11	0	1.0
11	1	0.6363636363636364
12	0	0.0
12	1	0.0
13	0	0.002150537634408602
13	1	0.002577319587628866
14	0	1.0
14	1	1.0
15	0	0.46153846153846156
15	1	1.0
16	0	0.005641748942172073
16	1	0.005641748942172073
17	0	1.0
17	1	1.0
18	0	1.0
18	1	1.0
19	0	0.14285714285714285
19	1	0.1
19	2	1.0
20	0	1.0
20	1	1.0
21	0	0.14136125654450263
21	1	0.6474358974358975
22	0	1.0
22	1	0.5555555555555556
23	0	0.00040582585561617894
23	1	0.00040582585561617894
24	0	0.2857142857142857
24	1	0.2857142857142857
25	0	0.9782608695652174
25	1	0.9782608695652174
26	0	0.25
26	1	1.0
27	0	0.11753371868978806
27	1	0.11753371868978806
28	0	0.04157252598282874
28	1	0.02036299247454626
29	0	0.20689655172413793
29	1	0.19298245614035087
30	0	0.4067796610169492
30	1	0.6666666666666666
31	0	0.12272727272727273
31	1	0.12272727272727273
32	0	0.38571428571428573
32	1	0.38571428571428573
33	0	1.0
33	1	1.0
33	2	0.8571428571428571
33	3	0.7222222222222222
33	4	1.0
34	0	0.7403846153846154
34	1	0.7403846153846154
34	2	0.7403846153846154
34	3	0.7403846153846154
35	0	0.9662921348314607
35	1	0.9662921348314607
36	0	0.21942857142857142
36	1	0.22857142857142856
37	0	0.4857142857142857
37	1	0.4857142857142857
38	0	0.675
38	1	0.5472972972972973
38	2	0.75
39	0	0.02072538860103627
39	1	0.06262173671542307
39	2	0.07646266053591248
39	3	0.07642965247848711
40	0	0.7374791318864775
40	1	0.7808219178082192
40	2	0.7374791318864775
41	0	0.03697291546114647
41	1	0.3414043583535109
42	0	0.4506258692628651
42	1	0.35809018567639256
42	2	0.4506258692628651
43	0	0.009508716323296355
43	1	0.001990790082245772
43	2	0.0019752199676782187
44	0	0.2673942701227831
44	1	0.358187134502924
45	0	0.12222222222222222
45	1	0.13924050632911392
46	0	0.07607807030772527
46	1	0.07607807030772527
47	0	0.6666666666666666
47	1	0.5347254447022428
48	0	0.10153256704980843
48	1	0.6980055272533546
48	2	0.5645539906103286
49	0	0.010752688172043012
49	1	0.010752688172043012
50	0	0.0
50	1	0.0
51	0	0.46153846153846156
51	1	0.46153846153846156
51	2	1.0
52	0	0.2
52	1	0.2
53	0	0.75
53	1	0.375
54	0	0.007736943907156673
54	1	0.007736943907156673
55	0	0.0035211267605633804
55	1	0.0034906671865100637
55	2	1.0
56	0	1.0
56	1	1.0
57	0	0.3674832962138085
57	1	0.2979683972911964
58	0	0.06857142857142857
58	1	0.18062717770034842
59	0	0.4264264264264264
59	1	1.0
60	0	0.39743589743589747
60	1	0.46153846153846156
61	0	1.0
61	1	1.0
62	0	0.19469026548672566
62	1	0.2558139534883721
63	0	0.5543478260869565
63	1	0.3534070968999805
64	0	0.0033083370092633437
64	1	0.07642799678197908
65	0	0.0015877539388511176
65	1	0.0029746014796735564
65	2	0.002255654346322187
65	3	0.0
66	0	0.16455696202531644
66	1	0.16455696202531644
67	0	0.6666666666666666
67	1	1.0
68	0	0.3684210526315789
68	1	0.3684210526315789
69	0	0.11811023622047244
69	1	0.11811023622047244
70	0	0.9852941176470589
70	1	0.04491199676309933
70	2	0.07623075254825418
70	3	0.13837535014005603
71	0	0.13333333333333333
71	1	0.00042065926698452106
71	2	0.00113277804085037
72	0	0.05177993527508091
72	1	0.04092071611253197
73	0	0.09326424870466321
73	1	0.0703125
74	0	0.631578947368421
74	1	0.631578947368421
75	0	0.9647887323943662
75	1	0.9647887323943662
76	0	0.04016327348150903
76	1	0.04016327348150903
77	0	0.007246376811594203
77	1	0.5909090909090909
78	0	1.0
78	1	1.0
79	0	0.00256797583081571
79	1	0.00256797583081571
80	0	1.0
80	1	1.0
81	0	0.9555555555555556
81	1	0.9555555555555556
82	0	0.6736328805294324
82	1	0.6736328805294322
82	2	0.625
83	0	0.6361399671951886
83	1	0.6361399671951886
84	0	1.0
84	1	1.0
85	0	0.9184027777777778
85	2	0.9583333333333334
85	1	0.841869212962963
86	0	0.018518518518518517
86	1	0.018518518518518517
87	0	0.2558139534883721
87	1	0.2558139534883721
88	0	1.0
88	1	1.0
89	0	0.9279279279279279
89	1	0.9279279279279279
90	0	0.000962800875273523
90	1	0.000962800875273523
91	0	0.16688396349413298
91	1	1.0
92	0	0.5571658615136875
92	1	0.49535999370846606
93	0	1.0
93	1	1.0
94	0	0.9775280898876404
94	1	0.9775280898876404
94	2	1.0
95	0	0.14285714285714285
95	1	0.14285714285714285
96	0	1.0
96	1	1.0
97	0	0.010432190760059613
97	1	0.010432190760059613
98	0	0.7666666666666667
98	2	0.5696824596774194
98	1	0.6609195402298851
99	0	0.4166666666666667
99	1	0.4166666666666667
100	0	0.2543859649122807
100	1	0.2543859649122807
101	0	0.07834101382488479
101	1	0.7448979591836735
102	0	0.25677966101694916
102	1	1.0
102	2	1.0
103	0	0.002446043165467626
103	1	0.002041551579200192
104	0	1.0
104	1	0.5634920634920635
105	0	0.3177966101694915
105	1	0.7142857142857143
106	0	0.04860500666717975
106	1	0.04837712164113457
107	0	0.34615384615384615
107	1	0.2339688041594454
108	0	0.0016861398949619753
108	1	0.0016861398949619753
109	0	0.7045454545454546
109	1	0.7045454545454546
110	0	0.9310344827586207
110	1	0.9310344827586207
110	2	0.9310344827586207
111	0	0.15042630937880633
111	1	0.15042630937880633
112	0	0.2955352421243484
112	1	0.35108777194298574
113	0	0.039603960396039604
113	1	0.039603960396039604
114	0	0.20253164556962025
114	1	0.1801125703564728
115	0	0.24913010551308426
115	1	0.5046153846153846
115	2	0.3795944500731735
115	3	0.0
116	0	0.13810741687979539
116	1	0.15845768194983145
117	0	0.31862224759221247
117	1	0.5570037607542115
118	0	1.0
118	1	1.0
119	0	1.0
119	1	1.0
120	0	0.5939849624060151
120	1	0.5939849624060151
121	0	0.08695652173913043
121	1	0.09523809523809523
122	0	0.008118081180811807
122	1	0.008118081180811807
123	0	0.5555555555555556
123	1	1.0
124	0	0.07953603976801989
124	1	0.11594202898550725
125	0	0.005328565022362616
125	2	0.2347559337091133
125	1	0.11376068410723582
126	0	1.0
126	1	1.0
127	0	0.07719585642013972
127	1	0.4341520948380806
127	2	0.3448275862068966
128	0	1.0
128	1	1.0
129	0	0.08759271958191475
129	1	0.09404644847999327
130	0	0.026490066225165563
130	1	0.05153343388637507
131	0	0.03605616841413575
131	1	0.03127381105008872
132	0	0.2797427652733119
132	1	0.16634799235181644
133	0	0.3248058157247787
133	1	0.5573833465145182
134	0	0.9558823529411765
134	1	0.9558823529411765
134	2	0.9558823529411765
135	0	0.6126126126126126
135	1	0.6126126126126126
136	0	0.4936708860759494
136	1	0.4936708860759494
137	0	1.0
137	1	1.0
137	2	0.009787928221859706
138	0	0.7333333333333333
138	1	0.7333333333333333
139	0	0.1091703056768559
139	1	0.1091703056768559
140	0	0.008825829516255167
140	1	0.007390775563663579
141	0	0.023255813953488372
141	1	0.030534351145038167
142	0	0.5098039215686274
142	1	1.0
142	2	0.5098039215686274
143	0	0.7777777777777778
143	1	0.7777777777777778
144	0	0.026578073089700997
144	1	0.026578073089700997
145	0	1.0
145	1	1.0
145	2	1.0
145	3	1.0
146	0	0.018867924528301886
146	1	0.018867924528301886
147	0	0.896551724137931
147	1	0.896551724137931
148	0	0.2696629213483146
148	1	0.25157232704402516
148	2	0.19834710743801653
149	0	1.0
149	1	1.0
150	0	0.12023460410557185
150	1	0.12023460410557185
150	2	0.12023460410557185
150	3	0.12023460410557185
151	0	0.8484848484848485
151	1	0.8484848484848485
152	0	0.5892857142857143
152	1	0.5892857142857143
153	0	0.19298245614035087
153	1	0.19298245614035087
154	0	0.8717948717948718
154	1	0.8717948717948718
155	0	0.0026666666666666666
155	1	1.0
156	0	1.0
156	1	1.0
157	0	1.0
157	1	1.0
158	0	0.19047619047619047
158	1	0.19047619047619047
159	0	0.6427640156453716
159	1	0.20850074011418904
160	0	0.5833333333333334
160	1	1.0
161	0	1.0
161	1	1.0
162	0	1.0
162	1	1.0
163	0	0.2370454117203693
163	1	0.2786885245901639
164	0	0.6666666666666666
164	1	1.0
165	0	0.448601449149651
165	1	0.5495507399577167
166	0	0.42912801484230056
166	1	0.3841573033707865
166	2	0.5474211423699915
167	0	0.006502890173410405
167	1	0.006502890173410405
168	0	0.9487179487179487
168	1	0.9487179487179487
169	0	0.12406947890818859
169	1	0.058247903075489285
170	0	0.9622641509433962
170	1	0.7727272727272727
170	2	0.7727272727272727
171	0	0.2878787878787879
171	1	0.2878787878787879
172	0	0.12524461839530332
172	1	0.12524461839530332
173	0	1.0
173	1	1.0
174	0	1.0
174	1	1.0
175	0	0.06977303684834332
175	1	0.08095572992080018
176	0	0.40540540540540543
176	1	0.40540540540540543
177	0	1.0
177	1	1.0
178	0	0.7083333333333334
178	1	0.4125499001996008
179	0	0.35365853658536583
179	1	0.35365853658536583
180	0	0.5342465753424658
180	1	0.5342465753424658
180	2	0.5342465753424658
181	0	0.009394802817767936
181	1	0.008781492248062015
181	2	0.010035991140642303
182	0	0.9315068493150684
182	1	0.9315068493150684
182	2	0.28451882845188287
183	0	0.1875
183	1	0.36
184	0	0.4406779661016949
184	1	0.4406779661016949
184	2	0.4406779661016949
184	3	0.34210526315789475
185	0	1.0
185	1	1.0
186	0	0.3619332699229751
186	1	0.10967741935483871
186	2	0.0657439446366782
186	3	0.2319411973804739
187	0	0.25143575017946873
187	1	0.2543103448275862
188	0	1.0
188	1	0.36363636363636365
188	2	0.7142857142857143
189	0	1.0
189	1	0.25
190	0	0.288135593220339
190	1	0.25304215558452847
190	2	0.288135593220339
191	0	0.0
191	1	0.0
192	0	0.0205761316872428
192	1	0.019762845849802372
193	0	0.9705882352941176
193	1	0.9705882352941176
194	0	1.0
194	1	1.0
195	0	0.7222222222222222
195	1	1.0
196	0	0.36549595434576143
196	1	0.4166666666666667
196	2	1.0
197	0	0.2809917355371901
197	1	0.2809917355371901
198	0	0.04316546762589928
198	1	0.026490066225165563
199	0	0.3107142857142857
199	1	0.3625
200	0	0.6060606060606061
200	1	0.6060606060606061
201	0	0.75
201	1	0.75
201	2	1.0
202	0	1.0
202	1	1.0
203	0	1.0
203	1	1.0
