1	0	UBERON_0018296PATOTEMP_d4b1149b-cd77-4235-97d0-61045b2788ae	AI_EQ_1
1	0	UBERON_0018297PATO_0000586	AI_EQ_2
1	1	UBERON_0018296PATOTEMP_36bb9fe9-9879-4809-9aaa-f4a115f36332	AI_EQ_1
1	1	UBERON_0018297PATO_0000467	AI_EQ_2
1	2	UBERON_0018296PATOTEMP_36bb9fe9-9879-4809-9aaa-f4a115f36332	AI_EQ_1
1	2	UBERON_0018297PATO_0000462	AI_EQ_2
2	0	UBERON_4300127BFO_0000050UBERON_0004747PATO_0000070	AI_EQ_1
2	1	UBERON_4300127BFO_0000050UBERON_0004747PATO_0000470	AI_EQ_1
3	0	UBERON_0017098PATO_0000140PHENOSCAPE_complement_ofPATO_0002261UBERON_4100111	AI_EQ_1
3	1	UBERON_0017098PATO_0002261UBERON_4100111	AI_EQ_1
4	0	UBERON_0001095PATO_0000569UBERON_0001075	AI_EQ_1
4	1	UBERON_0001095PATO_0000570UBERON_0001075	AI_EQ_1
5	0	UBERON_4300126PATO_0000467	AI_EQ_1
5	0	UBERONTEMP_657f231c-3c4d-4853-a17f-82c710315be6PATO_0000462	AI_EQ_2
5	1	UBERON_4300126PATO_0000467	AI_EQ_1
5	1	UBERONTEMP_657f231c-3c4d-4853-a17f-82c710315be6PATO_0000467	AI_EQ_2
5	2	UBERONTEMP_ba10737a-6aef-4435-b85f-4761b4978e5fPATOTEMP_a37eda36-7bb0-4386-a24d-383cf3a9d474	AI_EQ_1
6	0	UBERON_0018341PATO_0000462	AI_EQ_1
6	0	UBERON_0018341PATO_0001961UBERON_0001681	AI_EQ_2
6	1	UBERON_0018341PATO_0000574	AI_EQ_1
6	1	UBERON_0018341PATO_0001961UBERON_0001681	AI_EQ_2
6	2	UBERON_0018341PATO_0000573	AI_EQ_1
6	2	UBERON_0018341PATO_0001961UBERON_0001681	AI_EQ_2
6	2	UBERON_0018341PATO_0001961UBERON_0000209	AI_EQ_3
6	3		AI_EQ_1
6	4		AI_EQ_1
7	0	UBERONTEMP_a49f340d-34d5-487f-aeb8-a5f21b794526PATO_0000462	AI_EQ_1
7	1	UBERONTEMP_a49f340d-34d5-487f-aeb8-a5f21b794526PATO_0000467	AI_EQ_1
8	0	UBERON_0018367BFO_0000050UBERON_0004626PATO_0000462	AI_EQ_1
8	0	UBERON_0018367BFO_0000050UBERON_0004626PATO_0002235	AI_EQ_2
8	0	UBERON_0018367BFO_0000050UBERON_0004627PATO_0000462	AI_EQ_3
8	0	UBERON_0018367BFO_0000050UBERON_0004627PATO_0002235	AI_EQ_4
8	1	UBERON_0018367BFO_0000050UBERON_0004626PATO_0002391	AI_EQ_1
8	1	UBERON_0018367BFO_0000050UBERON_0004627PATO_0002391	AI_EQ_2
9	0	UBERONTEMP_771d4bfd-8447-4e10-8284-2c6e2362eeb4PATO_0000462	AI_EQ_1
9	1	UBERONTEMP_771d4bfd-8447-4e10-8284-2c6e2362eeb4PATO_0000467	AI_EQ_1
10	0	UBERONTEMP_160a7d88-ce21-4e9f-bc46-5cb40d86b259PATO_0001633UBERON_0005902	AI_EQ_1
10	1	UBERONTEMP_160a7d88-ce21-4e9f-bc46-5cb40d86b259PATO_0002443UBERON_0005902	AI_EQ_1
10	2	UBERONTEMP_160a7d88-ce21-4e9f-bc46-5cb40d86b259PATO_0001632UBERON_0005902	AI_EQ_1
11	0	UBERON_0018371PATO_0000569	AI_EQ_1
11	1	UBERON_0018371PATO_0001154	AI_EQ_1
11	1	UBERON_0018371PATO_0000599	AI_EQ_2
12	0	UBERON_0017164BFO_0000050UBERON_0003100PATO_0000462	AI_EQ_1
12	1	UBERON_0017164BFO_0000050UBERON_0003100PATO_0000467	AI_EQ_1
13	0	UBERON_0001094PATO_0000467	AI_EQ_1
13	1	UBERON_0001094PATO_0000462	AI_EQ_1
14	0	UBERON_0004744PATO_0005006UBERON_0011637	AI_EQ_1
14	1	UBERON_0004744PATO_0000642UBERON_0011637	AI_EQ_1
15	0	UBERON_0001424PATO_0000122PHENOSCAPE_complement_ofPATO_0000573UBERON_0000976	AI_EQ_1
15	1	UBERON_0001424PATO_0000573UBERON_0000976	AI_EQ_1
16	0	UBERON_0001003BFO_0000050UBERON_0000162BFO_0000050UBERON_0003100PATO_0000140PHENOSCAPE_complement_ofPATO_0002463BSPO_0000071BFO_0000050UBERON_0000162	AI_EQ_1
16	1	UBERON_0001003BFO_0000050UBERON_0000162BFO_0000050UBERON_0003100PATO_0002463BSPO_0000071BFO_0000050UBERON_0000162	AI_EQ_1
17	0	UBERON_4200135PATO_0000462	AI_EQ_1
17	1	UBERON_4200135PATO_0000467	AI_EQ_1
18	0	UBERON_0002396PATO_0000651UBERON_0002396	AI_EQ_1
18	1	UBERON_0002396PATO_0000642UBERON_0002396	AI_EQ_1
19	0	UBERON_0017249PATOTEMP_499c1f37-c1fe-456a-86be-ce5f94a44782	AI_EQ_1
19	1	UBERON_0017249PATO_0002533	AI_EQ_1
19	2	UBERON_0017249PATO_0000462	AI_EQ_1
20	0	UBERON_0001695PATO_0001961UBERON_0000210	AI_EQ_1
20	1	UBERON_0001695PATO_0001505UBERON_0000210	AI_EQ_1
21	0	UBERON_0004704BFO_0000050BSPO_0000079BFO_0000050UBERON_0004328PATO_0000052PHENOSCAPE_complement_ofPATO_0001784	AI_EQ_1
21	1	UBERON_0004704BFO_0000050BSPO_0000079BFO_0000050UBERON_0004328PATO_0001784	AI_EQ_1
22	0	UBERON_2000356PATO_0000122PATO_0002305PATO_0000921BFO_0000052UBERON_2000356	AI_EQ_1
22	1	UBERON_2000356PATO_0000921PATO_0002305PATO_0000122BFO_0000052UBERON_2000356	AI_EQ_1
23	0	UBERON_0002397PATO_0000140PHENOSCAPE_complement_ofPATO_0001961UBERON_0002397	AI_EQ_1
23	1	UBERON_0002397PATO_0001961UBERON_0002397	AI_EQ_1
24	0	UBERON_0004704BFO_0000050BSPO_0000077BFO_0000050UBERON_0006597PATO_0000462	AI_EQ_1
24	1	UBERON_0004704BFO_0000050BSPO_0000077BFO_0000050UBERON_0006597PATO_0000467	AI_EQ_1
24	1	UBERON_0018334PATO_0001505UBERON_0018337	AI_EQ_2
25	0	UBERON_0017261PATO_0000462	AI_EQ_1
25	1	UBERON_0017261PATO_0000467	AI_EQ_1
26	0	UBERON_0000152BSPO_0000120UBERON_0000468PATO_0001505UBERON_0000152BSPO_0000121UBERON_0000468	AI_EQ_1
26	1	UBERON_0000152BSPO_0000120UBERON_0000468PATO_0002488UBERON_0000152BSPO_0000121UBERON_0000468	AI_EQ_1
27	0	UBERON_0002228BFO_0000050UBERONTEMP_6be80d29-edb2-4da5-ae46-0ceed67a11fbPATOTEMP_05e2dbcc-ba43-40e1-a80c-af1fdcb368b2	AI_EQ_1
27	1	UBERON_0002228BFO_0000050UBERONTEMP_6be80d29-edb2-4da5-ae46-0ceed67a11fbPATOTEMP_09c64970-0329-4bad-9e19-2d2a9995742c	AI_EQ_1
28	0	UBERON_0018308PATO_0001505UBERON_2000178	AI_EQ_1
28	1	UBERON_0018308PATO_0002463UBERON_2000178	AI_EQ_1
29	0	UBERON_4300130BFO_0000050UBERON_0003101PATO_0000462	AI_EQ_1
29	1	UBERON_4300130BFO_0000050UBERON_0003101PATO_0000467	AI_EQ_1
30	0	UBERON_2000422PATO_0000140PHENOSCAPE_complement_ofPATO_0002259UBERON_0004529BFO_0000050UBERON_0004744	AI_EQ_1
30	1	UBERON_2000422PATO_0002259UBERON_0004529BFO_0000050UBERON_0004744	AI_EQ_1
31	0	UBERON_0005094PATO_0000141PHENOSCAPE_complement_ofPATOTEMP_83838d86-b1f2-49ab-84e7-27e0a6983134	AI_EQ_1
31	1	UBERON_0005094PATOTEMP_83838d86-b1f2-49ab-84e7-27e0a6983134	AI_EQ_1
32	0	UBERON_0017102PATO_0000467	AI_EQ_1
32	1	UBERON_0017102PATO_0000462	AI_EQ_1
33	0	UBERON_0010389PATO_0002391	AI_EQ_1
33	1	UBERON_0010389PATO_0002391	AI_EQ_1
33	1	UBERON_0004529BFO_0000050UBERON_0010389PATO_0000467	AI_EQ_2
33	2	UBERON_0010389PATOTEMP_22a6171a-d202-4f19-baa9-e90d18079c0f	AI_EQ_1
33	3	UBERON_0010389PATOTEMP_517eec99-06f8-46b2-a906-c20b72edcd9d	AI_EQ_1
33	3	UBERON_0010389PATO_0000588	AI_EQ_2
33	4	UBERON_0010389PATO_0000462	AI_EQ_1
34	0	UBERON_0018373PATO_0002261UBERON_0006428	AI_EQ_1
34	1	UBERON_0018373PATO_0002261UBERON_0006428	AI_EQ_1
34	1	UBERON_0018373PATO_0002261UBERON_0004746	AI_EQ_2
34	2	UBERON_0018373PATO_0002261UBERON_0004746	AI_EQ_1
34	3	UBERON_0018373PATO_0002261UBERON_0004746	AI_EQ_1
34	3	UBERON_0018373PATO_0002261UBERON_0000210	AI_EQ_2
35	0	UBERON_0018300PATO_0000467	AI_EQ_1
35	1	UBERON_0018300PATO_0000462	AI_EQ_1
36	0	UBERON_0001091RO_0002371UBERON_0018283PATO_0005021	AI_EQ_1
36	1	UBERON_0001091RO_0002371UBERON_0018283PATOTEMP_85fc2166-d11b-4aae-95f5-21522ee77e9c	AI_EQ_1
36	1	UBERON_0001091RO_0002371UBERON_0018283PATO_0005009	AI_EQ_2
37	0	UBERON_0018312PATO_0000462	AI_EQ_1
37	1	UBERON_0018312PATO_0000467	AI_EQ_1
38	0	UBERON_0017163PATO_0000462	AI_EQ_1
38	1	UBERONTEMP_e721be0d-84cc-4420-be39-a96b9f84beccPATO_0000467	AI_EQ_1
38	2	UBERONTEMP_080c03c2-7703-4e20-86a6-92044baec6b3PATO_0000467	AI_EQ_1
38	2	UBERON_0017163PATO_0000467	AI_EQ_2
39	0	UBERON_0018317PATO_0001925PHENOSCAPE_complement_ofPATOTEMP_6734e62a-dd4a-43cc-8e59-c6ac7280e12c	AI_EQ_1
39	1	UBERON_0018317PATOTEMP_31bc4d29-9a48-4581-be6f-41132c77efb7	AI_EQ_1
39	2	UBERON_0018317PATOTEMP_90175bd2-30b1-4133-8ff4-223f0f820d83	AI_EQ_1
39	3	UBERON_0018317PATOTEMP_31bc4d29-9a48-4581-be6f-41132c77efb7	AI_EQ_1
39	3	UBERON_0018317PATOTEMP_90175bd2-30b1-4133-8ff4-223f0f820d83	AI_EQ_2
40	0	BSPO_0000671BFO_0000050UBERON_0001681PATO_0001857	AI_EQ_1
40	1	BSPO_0000671BFO_0000050UBERON_0001681PATO_0002180	AI_EQ_1
40	2	BSPO_0000671BFO_0000050UBERON_0001681PATO_0001355	AI_EQ_1
41	0	UBERONTEMP_77dc0e17-6de8-4115-a7f6-9e692dab9029PATO_0000052PHENOSCAPE_complement_ofPATO_0002232	AI_EQ_1
41	1	UBERONTEMP_77dc0e17-6de8-4115-a7f6-9e692dab9029PATO_0002232	AI_EQ_1
41	1	BSPO_0000029BFO_0000050UBERONTEMP_77dc0e17-6de8-4115-a7f6-9e692dab9029PATO_0001857	AI_EQ_2
42	0	UBERON_0011593PATO_0005017	AI_EQ_1
42	1	UBERON_0011593PATO_0002397	AI_EQ_1
42	2	UBERON_0011593PATO_0005018	AI_EQ_1
43	0	UBERON_0001075BFO_0000050UBERON_0001092PATO_0000122UBERONTEMP_6be80d29-edb2-4da5-ae46-0ceed67a11fb	AI_EQ_1
43	1	UBERON_0001075BFO_0000050UBERON_0001092PATO_0000574UBERONTEMP_6be80d29-edb2-4da5-ae46-0ceed67a11fb	AI_EQ_1
43	2	UBERON_0001075BFO_0000050UBERON_0001092PATO_0000573UBERONTEMP_6be80d29-edb2-4da5-ae46-0ceed67a11fb	AI_EQ_1
44	0	UBERONTEMP_8c5bfe06-2d2f-4fb0-a007-d95f0c9d6ff0PATO_0000141PHENOSCAPE_complement_ofPATO_0001961UBERONTEMP_1464c6a6-3dfd-4012-a7f9-2345d6c35a4d	AI_EQ_1
44	0	UBERONTEMP_8c5bfe06-2d2f-4fb0-a007-d95f0c9d6ff0PATO_0000141PHENOSCAPE_complement_ofPATO_0001961UBERONTEMP_f8e06136-ea33-4350-86f8-ae94bee54e43	AI_EQ_2
44	1	UBERONTEMP_8c5bfe06-2d2f-4fb0-a007-d95f0c9d6ff0PATO_0001961UBERONTEMP_1464c6a6-3dfd-4012-a7f9-2345d6c35a4d	AI_EQ_1
44	1	UBERONTEMP_8c5bfe06-2d2f-4fb0-a007-d95f0c9d6ff0PATO_0001961UBERONTEMP_f8e06136-ea33-4350-86f8-ae94bee54e43	AI_EQ_2
45	0	UBERON_0018315PATO_0000462	AI_EQ_1
45	1	UBERON_0018315PATO_0001205	AI_EQ_1
46	0	UBERON_0018309PATO_0000462	AI_EQ_1
46	1	UBERON_0018309PATO_0000467	AI_EQ_1
47	0	UBERON_3000543PATO_0001503	AI_EQ_1
47	1	UBERON_3000543PATO_0001504	AI_EQ_1
48	0	UBERON_0010889PATO_0000117PHENOSCAPE_complement_ofPATO_0000586	AI_EQ_1
48	1	UBERON_0010889PATOTEMP_b415c39d-99b0-4745-a81d-ede3cfe8e963	AI_EQ_1
48	1	UBERON_0010889PATO_0002235	AI_EQ_2
48	1	BSPO_0000679BFO_0000050UBERON_0010889PATO_0000642UBERON_0000209	AI_EQ_3
48	2	UBERON_0010889PATO_0002376	AI_EQ_1
48	2	BSPO_0000679BFO_0000050UBERON_0010889PATO_0000642UBERON_0000209	AI_EQ_2
49	0	UBERON_0018324PATO_0000140PHENOSCAPE_complement_ofPATO_0002464UBERON_0000309	AI_EQ_1
49	1	UBERON_0018324PATO_0002464UBERON_0000309	AI_EQ_1
50	0	UBERON_0018296RO_0002220UBERON_0018284PATO_0000462	AI_EQ_1
50	1	UBERON_0018296RO_0002220UBERON_0018284PATO_0000467	AI_EQ_1
51	0	UBERON_0018365PATO_0000573UBERON_0000210	AI_EQ_1
51	1	UBERON_0018365PATO_0000574UBERON_0000210	AI_EQ_1
51	2	UBERON_0018365PATO_0000462	AI_EQ_1
52	0	UBERONTEMP_e721be0d-84cc-4420-be39-a96b9f84beccBFO_0000050BSPO_0000084BFO_0000050UBERON_0000468PATO_0000462	AI_EQ_1
52	1	UBERONTEMP_e721be0d-84cc-4420-be39-a96b9f84beccBFO_0000050BSPO_0000084BFO_0000050UBERON_0000468PATO_0000467	AI_EQ_1
53	0	UBERON_0005744BFO_0000050UBERON_0000210PATO_0000070	AI_EQ_1
53	1	UBERON_0005744BFO_0000050UBERON_0000210PATO_0000470	AI_EQ_1
54	0	UBERON_1500003PATO_0000140PHENOSCAPE_complement_ofPATO_0002261UBERON_0007380	AI_EQ_1
54	1	UBERON_1500003PATO_0002261UBERON_0007380	AI_EQ_1
55	0	UBERON_2001737PATO_0000141PHENOSCAPE_complement_ofPATO_0001961UBERON_0006849	AI_EQ_1
55	1	UBERON_2001737PATO_0001961UBERON_0006849	AI_EQ_1
55	2	UBERON_2001737PATO_0000462	AI_EQ_1
56	0	UBERON_0010750PATO_0000467	AI_EQ_1
56	1	UBERON_0010750PATO_0000462	AI_EQ_1
57	0	UBERON_0001697PATO_0002397	AI_EQ_1
57	1	UBERON_0001697PATO_0001154	AI_EQ_1
58	0	UBERONTEMP_3a1a30ab-0e76-41f1-b5f9-46083dfd62e2PATO_0000462	AI_EQ_1
58	1	UBERONTEMP_3a1a30ab-0e76-41f1-b5f9-46083dfd62e2PATO_0000467	AI_EQ_1
59	0	UBERON_0003624PATO_0000573UBERON_0003623	AI_EQ_1
59	1	UBERON_0003623PATO_0000573UBERON_0003624	AI_EQ_1
60	0	UBERON_0000468PATO_0001472	AI_EQ_1
60	1	UBERON_0000468PATO_0001596	AI_EQ_1
61	0	UBERON_0011079PATO_0000467	AI_EQ_1
61	1	UBERON_0011079PATO_0000462	AI_EQ_1
62	0	UBERON_4300132PATO_0000140PHENOSCAPE_complement_ofPATO_0001633UBERON_0004637	AI_EQ_1
62	1	UBERON_4300132PATO_0001633UBERON_0004637	AI_EQ_1
63	0	UBERONTEMP_cb7c3969-f86b-406f-91c8-55edd9cc9afaPATO_0000587	AI_EQ_1
63	1	UBERONTEMP_cb7c3969-f86b-406f-91c8-55edd9cc9afaPATO_0000586	AI_EQ_1
63	1	UBERONTEMP_cb7c3969-f86b-406f-91c8-55edd9cc9afaPATO_0002464UBERON_0001269	AI_EQ_2
64	0	UBERONTEMP_2ce13942-7494-4362-88e4-998b6b265619PATO_0000119PHENOSCAPE_complement_ofPATO_0000570UBERONTEMP_b6073a7c-f7d2-4395-87df-aee1b129357b	AI_EQ_1
64	1	UBERONTEMP_2ce13942-7494-4362-88e4-998b6b265619PATO_0000570UBERONTEMP_b6073a7c-f7d2-4395-87df-aee1b129357b	AI_EQ_1
65	0	UBERON_0001533PATO_0001961UBERON_0003121	AI_EQ_1
65	0	UBERON_0001533PATO_0001961UBERON_0003120	AI_EQ_2
65	1	UBERON_0001533PATO_0001961UBERON_0010197	AI_EQ_1
65	2	UBERON_0001533PATO_0001632UBERON_0001070	AI_EQ_1
65	3		AI_EQ_1
66	0	UBERON_0004529BFO_0000050UBERONTEMP_aeb6ac70-fd18-403d-a0b9-dd03942c7812RO_0002176UBERON_0018143RO_0002176UBERON_0008462PATO_0000462	AI_EQ_1
66	1	UBERON_0004529BFO_0000050UBERONTEMP_aeb6ac70-fd18-403d-a0b9-dd03942c7812RO_0002176UBERON_0018143RO_0002176UBERON_0008462PATO_0000467	AI_EQ_1
67	0	UBERON_0002244PATO_0000651UBERON_0002244	AI_EQ_1
67	1	UBERON_0002244PATO_0000642UBERON_0002244	AI_EQ_1
68	0	UBERON_0018323PATO_0000462	AI_EQ_1
68	1	UBERON_0018323PATO_0000467	AI_EQ_1
69	0	UBERON_0018361PATO_0000921PHENOSCAPE_complement_ofPATO_0000600	AI_EQ_1
69	1	UBERON_0018361PATO_0000600	AI_EQ_1
70	0	UBERON_0001716PATO_0000462	AI_EQ_1
70	1	UBERON_0001716PATO_0000467	AI_EQ_1
70	2	UBERON_0001716PATO_0000586	AI_EQ_1
70	3	UBERON_0001716PATO_0001961UBERON_0001716	AI_EQ_1
71	0	UBERON_3000344PATO_0000462	AI_EQ_1
71	1	UBERON_3000344PATO_0000609	AI_EQ_1
71	2	UBERON_3000344PATO_0000467	AI_EQ_1
72	0	BSPO_0000682BFO_0000050UBERON_0018316PATO_0000052PHENOSCAPE_complement_ofPATO_0001857	AI_EQ_1
72	1	BSPO_0000682BFO_0000050UBERON_0018316PATO_0001857	AI_EQ_1
73	0	BSPO_0000072BFO_0000050UBERON_0004743PATO_0000052PHENOSCAPE_complement_ofPATO_0001857	AI_EQ_1
73	1	BSPO_0000072BFO_0000050UBERON_0004743PATO_0001857	AI_EQ_1
74	0	UBERON_2001632PATO_0000467	AI_EQ_1
74	1	UBERON_2001632PATO_0000462	AI_EQ_1
75	0	UBERONTEMP_7cc05fde-b247-4277-9fe9-be69f299ee72PATO_0000467	AI_EQ_1
75	1	UBERONTEMP_7cc05fde-b247-4277-9fe9-be69f299ee72PATO_0000462	AI_EQ_1
76	0	UBERON_0000165PATO_0002463UBERON_0001697	AI_EQ_1
76	1	UBERON_0000165PATO_0000140PHENOSCAPE_complement_ofPATO_0002463UBERON_0001697	AI_EQ_1
77	0	UBERON_0018318PATO_0000467	AI_EQ_1
77	0	UBERON_0018318PATO_0002261UBERON_0018354	AI_EQ_2
77	1	UBERON_0018318PATO_0000587	AI_EQ_1
77	1	UBERON_0018318PATO_0000462	AI_EQ_2
78	0	UBERON_0001107PATO_0000462	AI_EQ_1
78	1	UBERON_0001107PATO_0000467	AI_EQ_1
79	0	UBERON_0018347PATO_0001505UBERON_0001688	AI_EQ_1
79	1	UBERON_0018347PATO_0001961UBERON_0001688	AI_EQ_1
80	0	UBERON_0000088PATO_0000462	AI_EQ_1
80	1	UBERON_0000088PATO_0000467	AI_EQ_1
81	0	UBERON_0017618RO_0002373UBERON_4200219PATO_0000462	AI_EQ_1
81	1	UBERON_0017618RO_0002373UBERON_4200219PATO_0000467	AI_EQ_1
82	0	UBERON_4200037PATO_0000586	AI_EQ_1
82	0	UBERON_4200037PATO_0002513UBERON_0000976	AI_EQ_2
82	0	UBERON_4200037PATO_0001505UBERON_0000976	AI_EQ_3
82	1	UBERON_4200037PATO_0000586	AI_EQ_1
82	1	UBERON_4200037PATO_0002272UBERON_0000976	AI_EQ_2
82	1	UBERON_4200037PATO_0001505UBERON_0000976	AI_EQ_3
82	2	UBERON_4200037PATO_0000587	AI_EQ_1
82	2	UBERON_4200037PATO_0002512UBERON_0000976	AI_EQ_2
83	0	UBERON_0018357BFO_0000050UBERON_0001833PATO_0000462	AI_EQ_1
83	1	UBERON_0018357BFO_0000050UBERON_0001833PATO_0000467	AI_EQ_1
84	0	UBERON_0002392PATO_0000467	AI_EQ_1
84	1	UBERON_0002392PATO_0000462	AI_EQ_1
85	0	UBERON_0018340BSPO_0000102UBERON_0018369PATO_0000467	AI_EQ_1
85	2	UBERON_0018340PATO_0000462	AI_EQ_1
85	1	UBERON_0018340BSPO_0000098UBERON_0018369PATO_0000467	AI_EQ_1
85	1	UBERON_0018340PATO_0002259UBERON_0018369	AI_EQ_2
86	0	UBERON_4400000PATO_0000141PHENOSCAPE_complement_ofPATO_0001961UBERONTEMP_6b641a8b-ba2a-41b9-a986-8cab10625b6a	AI_EQ_1
86	1	UBERON_4400000PATO_0001961UBERONTEMP_6b641a8b-ba2a-41b9-a986-8cab10625b6a	AI_EQ_1
87	0	UBERON_4300142PATO_0000467	AI_EQ_1
87	1	UBERON_4300142PATO_0000462	AI_EQ_1
88	0	UBERON_0001324PATO_0000467	AI_EQ_1
88	1	UBERON_0001324PATO_0000462	AI_EQ_1
89	0	UBERON_0018353PATO_0000462	AI_EQ_1
89	1	UBERON_0018353PATO_0000467	AI_EQ_1
90	0	UBERON_0000209PATO_0000140PHENOSCAPE_complement_ofPATO_0001961UBERON_0002397	AI_EQ_1
90	1	UBERON_0000209PATO_0001961UBERON_0002397	AI_EQ_1
91	0	UBERON_0001682PATO_0001505UBERON_0010389	AI_EQ_1
91	1	UBERON_0001682PATO_0000642UBERON_0010389	AI_EQ_1
92	0	UBERON_0018144PATO_0001199	AI_EQ_1
92	0	UBERON_0004529BFO_0000050UBERON_0018144PATO_0000462	AI_EQ_2
92	1	UBERON_0018144PATO_0000406	AI_EQ_1
92	1	UBERON_0018144PATO_0002272UBERON_0001075	AI_EQ_2
93	0	UBERONTEMP_69d443e4-368e-4754-8ca1-a2e702f2ac97PATO_0000462	AI_EQ_1
93	1	UBERONTEMP_69d443e4-368e-4754-8ca1-a2e702f2ac97PATO_0000467	AI_EQ_1
94	0	UBERON_3010069PATO_0000586UBERON_3010060	AI_EQ_1
94	1	UBERON_3010069PATO_0000587UBERON_3010060	AI_EQ_1
94	2	UBERON_3010069PATO_0000462	AI_EQ_1
95	0	UBERON_0018279BFO_0000050UBERON_0018284PATO_0000462	AI_EQ_1
95	1	UBERON_0018279BFO_0000050UBERON_0018284PATO_0000467	AI_EQ_1
96	0	UBERON_0018355PATO_0000462	AI_EQ_1
96	1	UBERON_0018355PATO_0000467	AI_EQ_1
97	0	UBERON_1600006PATO_0000140PHENOSCAPE_complement_ofPATO_0002464UBERON_0000309	AI_EQ_1
97	1	UBERON_1600006PATO_0002464UBERON_0000309	AI_EQ_1
98	0	UBERON_0018308BSPO_0000098UBERON_0018369PATO_0000467	AI_EQ_1
98	2	UBERON_0018308PATO_0001154	AI_EQ_1
98	1	UBERON_0018308PATO_0002259UBERON_0018369	AI_EQ_1
99	0	UBERON_0018356PATO_0000462	AI_EQ_1
99	1	UBERON_0018356PATO_0000467	AI_EQ_1
100	0	BSPO_0000071BFO_0000050UBERON_0004742PATO_0001205	AI_EQ_1
100	1	BSPO_0000071BFO_0000050UBERON_0004742PATOTEMP_7955e78d-e692-4c12-ae63-0f2ed12465b4	AI_EQ_1
101	0	UBERON_0010710PATO_0000462	AI_EQ_1
101	1	UBERON_0010710PATO_0000467	AI_EQ_1
102	0	UBERON_0006849PATO_0000586UBERON_0004743	AI_EQ_1
102	1	UBERON_0006849PATO_0000587UBERON_0004743	AI_EQ_1
102	2	UBERON_0006849PATO_0000462	AI_EQ_1
102	2	UBERON_0004743PATO_0000462	AI_EQ_2
103	0	UBERON_0001649PATO_0000140PHENOSCAPE_complement_ofPATO_0002261UBERON_0018339	AI_EQ_1
103	1	UBERON_0001649PATO_0002261UBERON_0018339	AI_EQ_1
104	0	UBERON_3000543PATO_0000462	AI_EQ_1
104	0	UBERON_3000543PATO_0000587	AI_EQ_2
104	0	UBERON_3000543PATO_0000599	AI_EQ_3
104	1	UBERON_3000543PATO_0000600	AI_EQ_1
104	1	BSPO_0000079BFO_0000050UBERON_3000543PATO_0001857	AI_EQ_2
105	0	UBERONTEMP_546f6e9d-06ae-4fc7-9e4c-1a87dfafb737PATO_0000117PHENOSCAPE_complement_ofPATO_0000586UBERON_0006801	AI_EQ_1
105	1	UBERONTEMP_546f6e9d-06ae-4fc7-9e4c-1a87dfafb737PATO_0000586UBERON_0006801	AI_EQ_1
106	0	UBERON_0018358PATO_0000574	AI_EQ_1
106	1	UBERON_0018358PATO_0000573	AI_EQ_1
107	0	UBERON_0018349PATO_0001784	AI_EQ_1
107	1	UBERON_0018349PATO_0000411	AI_EQ_1
108	0	BSPO_0000078BFO_0000050UBERON_0018305PATO_0005011UBERON_0004652	AI_EQ_1
108	1	BSPO_0000078BFO_0000050UBERON_0018305PATO_0001598	AI_EQ_1
109	0	UBERON_0018333PATO_0000462	AI_EQ_1
109	1	UBERON_0018333PATO_0000467	AI_EQ_1
110	0	UBERON_0017294PATO_0000462	AI_EQ_1
110	1	UBERON_0017294PATO_0000467	AI_EQ_1
110	2	UBERON_0017294PATO_0002257	AI_EQ_1
111	0	UBERON_0001682BSPO_0000120UBERON_0000468PATO_0001505UBERON_0001682BSPO_0000121UBERON_0000468	AI_EQ_1
111	1	UBERON_0001682BSPO_0000120UBERON_0000468PATO_0000642UBERON_0001682BSPO_0000121UBERON_0000468	AI_EQ_1
112	0	UBERON_0018313PATO_0000632	AI_EQ_1
112	1	UBERON_0018313PATO_0000616	AI_EQ_1
113	0	UBERON_0018275PATO_0005011UBERON_0018274	AI_EQ_1
113	1	UBERON_0018275PATO_0001505UBERON_0018274	AI_EQ_1
114	0	UBERONTEMP_aa4c27e3-2202-4667-be4f-0db3ba1af6f7PATO_0005012	AI_EQ_1
114	1	UBERONTEMP_aa4c27e3-2202-4667-be4f-0db3ba1af6f7PATO_0005013	AI_EQ_1
115	0	UBERON_0006811PATO_0002537	AI_EQ_1
115	0	UBERON_0001692BFO_0000050UBERON_0006811PATO_0000467	AI_EQ_2
115	0	UBERON_0001693BFO_0000050UBERON_0006811PATO_0000467	AI_EQ_3
115	1	UBERON_0006811PATO_0002533	AI_EQ_1
115	1	UBERON_0001692BFO_0000050UBERON_0006811PATO_0000462	AI_EQ_2
115	1	UBERON_0001693BFO_0000050UBERON_0006811PATO_0000467	AI_EQ_3
115	2	UBERON_0006811PATO_0001879	AI_EQ_1
115	2	UBERON_0001692BFO_0000050UBERON_0006811PATO_0000467	AI_EQ_2
115	2	UBERON_0001693BFO_0000050UBERON_0006811PATO_0000467	AI_EQ_3
115	3	UBERON_0001692BFO_0000050UBERON_0006811PATO_0000467	AI_EQ_1
115	3	UBERON_0001693BFO_0000050UBERON_0006811PATO_0000462	AI_EQ_2
116	0	UBERON_0010910PATO_0001505UBERON_0001683	AI_EQ_1
116	1	UBERON_0010910PATO_0002469UBERON_0001683	AI_EQ_1
117	0	UBERON_0015067PATO_0000070	AI_EQ_1
117	1	UBERON_0015067PATO_0000070	AI_EQ_1
118	0	UBERON_0018352PATO_0000462	AI_EQ_1
118	1	UBERON_0018352PATO_0000467	AI_EQ_1
119	0	UBERON_4200129PATO_0000462	AI_EQ_1
119	1	UBERON_4200129PATO_0000467	AI_EQ_1
120	0	UBERONTEMP_8609c420-d25a-4fff-bdba-f5f7706530c6PATO_0000467	AI_EQ_1
120	1	UBERONTEMP_8609c420-d25a-4fff-bdba-f5f7706530c6PATO_0000462	AI_EQ_1
121	0	UBERON_0018366PATO_0001448	AI_EQ_1
121	1	UBERON_0018366PATOTEMP_e7a5a00e-cf75-44e7-b26d-391526249555	AI_EQ_1
122	0	UBERON_2101671PATO_0000140PHENOSCAPE_complement_ofPATO_0002464UBERON_0000309	AI_EQ_1
122	1	UBERON_2101671PATO_0002464UBERON_0000309	AI_EQ_1
123	0	UBERON_0018357BSPO_0000098UBERON_0001697PATO_0002285	AI_EQ_1
123	1	UBERON_0018357BSPO_0000098UBERON_0001697PATO_0002286	AI_EQ_1
124	0	UBERON_0018335PATO_0000122PHENOSCAPE_complement_ofPATO_0000573	AI_EQ_1
124	1	UBERON_0018335PATO_0000573	AI_EQ_1
125	0	UBERON_0018299PATO_0000117	AI_EQ_1
125	0	UBERON_4300135PATO_0000117	AI_EQ_2
125	2	UBERON_0018299PATO_0000573	AI_EQ_1
125	2	UBERON_4300135PATO_0000573	AI_EQ_2
125	1	UBERONTEMP_0dbeb221-6e12-44b7-b51d-6b90d0f64c7cPATO_0000573	AI_EQ_1
125	1	UBERON_0018299PATO_0000574	AI_EQ_2
125	1	UBERON_0003268RO_0002220UBERON_0018299PATO_0000573	AI_EQ_3
126	0	UBERON_0001681PATO_0001961UBERON_0010750	AI_EQ_1
126	1	UBERON_0001681PATO_0001505UBERON_0010750	AI_EQ_1
127	0	UBERON_0017615PATO_0002502	AI_EQ_1
127	1	UBERON_0017615PATOTEMP_b1843d7f-65ff-47bf-97bd-a26c947056dc	AI_EQ_1
127	1	UBERON_0017615PATO_0002272UBERON_0002244	AI_EQ_2
127	1	UBERON_0017615PATO_0002272UBERON_0002397	AI_EQ_3
127	2	UBERON_0017615PATO_0005024	AI_EQ_1
128	0	UBERON_0011267PATO_0000467	AI_EQ_1
128	1	UBERON_0011267PATO_0000462	AI_EQ_1
129	0	UBERON_0018331PATO_0000462	AI_EQ_1
129	1	UBERON_0018331PATO_0000467	AI_EQ_1
129	1	BSPO_0000072BFO_0000050UBERON_0000401PATO_0000600	AI_EQ_2
129	1	BSPO_0000072BFO_0000050UBERON_0000401PATO_0002053	AI_EQ_3
130	0	UBERON_0018357BSPO_0000099UBERON_0001697PATO_0000689	AI_EQ_1
130	1	UBERON_0018357BSPO_0000099UBERON_0001697PATO_0000690	AI_EQ_1
131	0	UBERON_3000610PATO_0001633UBERONTEMP_6b22b08d-a03d-4a4c-a1bf-fd738afc8dfa	AI_EQ_1
131	0	UBERON_3000332PATO_0001633UBERONTEMP_6b22b08d-a03d-4a4c-a1bf-fd738afc8dfa	AI_EQ_2
131	1	UBERON_3000610PATO_0001632UBERONTEMP_6b22b08d-a03d-4a4c-a1bf-fd738afc8dfa	AI_EQ_1
132	0	UBERON_2001584BFO_0000050UBERON_2000660PATO_0001997	AI_EQ_1
132	1	UBERON_2001584BFO_0000050UBERON_2000660PATO_0000470	AI_EQ_1
133	0	UBERON_0002131PATO_0000117PHENOSCAPE_complement_ofPATO_0000587	AI_EQ_1
133	0	UBERON_0004002PATO_0000117PHENOSCAPE_complement_ofPATO_0000586	AI_EQ_2
133	1	UBERON_0002131PATO_0000587	AI_EQ_1
133	1	UBERON_0004002PATO_0000586	AI_EQ_2
134	0	UBERON_0002228BFO_0000050UBERON_0001095PATO_0000070	AI_EQ_1
134	1	UBERON_0002228BFO_0000050UBERON_0001095PATO_0000070	AI_EQ_1
134	2	UBERON_0002228BFO_0000050UBERON_0001095PATO_0000462	AI_EQ_1
135	0	UBERON_4200215BFO_0000050UBERON_0018283PATO_0001997	AI_EQ_1
135	1	UBERON_4200215BFO_0000050UBERON_0018283PATO_0000470	AI_EQ_1
136	0	UBERON_0018326PATO_0000610	AI_EQ_1
136	1	UBERON_0018326PATO_0000608	AI_EQ_1
137	0	UBERON_0001423PATO_0000574UBERON_0001424	AI_EQ_1
137	1	UBERON_0001423PATO_0000573UBERON_0001424	AI_EQ_1
137	2	UBERON_0001423PATOTEMP_57cab68c-c801-4761-a30c-fc13df3947dfUBERON_0001424	AI_EQ_1
138	0	UBERON_0018364PATO_0000462	AI_EQ_1
138	1	UBERON_0018364PATO_0000467	AI_EQ_1
139	0	UBERON_0016929PATO_0000462	AI_EQ_1
139	1	UBERON_0016929PATO_0000467	AI_EQ_1
140	0	UBERON_0001860PATO_0000462	AI_EQ_1
140	1	UBERON_0001860PATO_0000467	AI_EQ_1
141	0	UBERON_0005048PATO_0000140	AI_EQ_1
141	1	UBERON_0005048BFO_0000050UBERON_0018319PATO_0000140	AI_EQ_1
142	0	UBERON_0018330PATO_0000574	AI_EQ_1
142	1	UBERON_0018330PATO_0000462	AI_EQ_1
142	2	UBERON_0018330PATO_0000573	AI_EQ_1
143	0	UBERON_0005744BFO_0000050UBERON_2001577PATO_0000462	AI_EQ_1
143	1	UBERON_0005744BFO_0000050UBERON_2001577PATO_0000467	AI_EQ_1
144	0	UBERON_0004529BFO_0000050UBERON_0000152PATO_0000462	AI_EQ_1
144	1	UBERON_0004529BFO_0000050UBERON_0000152PATO_0001360	AI_EQ_1
145	0	UBERON_0003675BFO_0000050UBERON_0011593PATO_0002211	AI_EQ_1
145	1	UBERON_0003675BFO_0000050UBERON_0011593PATO_0002021	AI_EQ_1
145	2	UBERON_0003675BFO_0000050UBERON_0011593PATO_0002535	AI_EQ_1
145	3	UBERON_0003675BFO_0000050UBERON_0011593PATO_0002457	AI_EQ_1
146	0	UBERON_2000356BFO_0000050UBERON_2001237PATO_0000052PHENOSCAPE_complement_ofPATO_0001598	AI_EQ_1
146	1	UBERON_2000356BFO_0000050UBERON_2001237PATO_0001598	AI_EQ_1
147	0	UBERON_0017621PATO_0000462	AI_EQ_1
147	1	UBERON_0017621PATO_0000467	AI_EQ_1
148	0	UBERON_0003677BFO_0000050UBERON_0018281PATO_0000070	AI_EQ_1
148	1	UBERON_0003677BFO_0000050UBERON_0018281PATO_0000141	AI_EQ_1
148	2	UBERON_0003677BFO_0000050UBERON_0018281PATO_0000470	AI_EQ_1
149	0	UBERON_0001153PATO_0000462	AI_EQ_1
149	1	UBERON_0001153PATO_0000467	AI_EQ_1
150	0		AI_EQ_1
150	1		AI_EQ_1
150	2		AI_EQ_1
150	3		AI_EQ_1
151	0	UBERON_0006844BFO_0000050UBERON_0016931BFO_0000050UBERON_0013164PATO_0000462	AI_EQ_1
151	1	UBERON_0006844BFO_0000050UBERON_0016931BFO_0000050UBERON_0013164PATO_0000467	AI_EQ_1
152	0	UBERON_0017258PATO_0000070	AI_EQ_1
152	1	UBERON_0017258PATO_0000470	AI_EQ_1
153	0	UBERONTEMP_e8406b1e-816c-419f-af5b-bebff51cd9cdPATO_0000462	AI_EQ_1
153	0	UBERON_3010031BFO_0000050UBERON_0003101PATO_0000462	AI_EQ_2
153	1	UBERONTEMP_e8406b1e-816c-419f-af5b-bebff51cd9cdPATO_0000467	AI_EQ_1
153	1	UBERON_3010031BFO_0000050UBERON_0003101PATO_0000467	AI_EQ_2
154	0	UBERON_3000162PATO_0000462	AI_EQ_1
154	1	UBERON_3000162PATO_0000467	AI_EQ_1
155	0	UBERON_0013113PATO_0005006UBERON_0011637	AI_EQ_1
155	1	UBERON_0013113PATO_0000462	AI_EQ_1
155	1	UBERON_0013113PATO_0000642UBERON_0011637	AI_EQ_2
156	0	UBERON_0018351PATO_0000462	AI_EQ_1
156	1	UBERON_0018351PATO_0000467	AI_EQ_1
157	0	UBERON_0011598PATO_0000462	AI_EQ_1
157	1	UBERON_0011598PATO_0000467	AI_EQ_1
158	0	UBERON_4300129BFO_0000050UBERON_0003101PATO_0000462	AI_EQ_1
158	1	UBERON_4300129BFO_0000050UBERON_0003101PATO_0000467	AI_EQ_1
159	0	UBERON_0001868PATO_0000591	AI_EQ_1
159	1	UBERON_0001868PATO_0000915PHENOSCAPE_complement_ofPATO_0000591	AI_EQ_1
160	0	UBERON_0018357BSPO_0000102UBERON_0001697PATO_0002285	AI_EQ_1
160	1	UBERON_0018357BSPO_0000102UBERON_0001697PATO_0002286	AI_EQ_1
161	0	UBERON_0000468PATO_0000573	AI_EQ_1
161	1	UBERON_0000468PATO_0000574	AI_EQ_1
162	0	UBERON_3001003BFO_0000050UBERON_0003101PATO_0000462	AI_EQ_1
162	1	UBERON_3001003BFO_0000050UBERON_0003101PATO_0000467	AI_EQ_1
163	0	UBERON_0018342PATO_0000467	AI_EQ_1
163	1	UBERON_0018342PATO_0000462	AI_EQ_1
164	0	UBERON_0010750PATO_0000140PHENOSCAPE_complement_ofPATO_0001961UBERON_0001683	AI_EQ_1
164	1	UBERON_0010750PATO_0001961UBERON_0001683	AI_EQ_1
165	0	BSPO_0000077BFO_0000050UBERON_0001684PATO_0000117PHENOSCAPE_complement_ofPATO_0000587	AI_EQ_1
165	1	BSPO_0000077BFO_0000050UBERON_0001684PATO_0000587	AI_EQ_1
165	1	UBERON_0004529BFO_0000050UBERON_0001684PATO_0002310	AI_EQ_2
165	1	UBERON_0018338PATO_0000599	AI_EQ_3
166	0	UBERON_0018663PATO_0000467	AI_EQ_1
166	1	UBERON_0013731PATO_0000462	AI_EQ_1
166	2	UBERONTEMP_1d4e7a81-d385-4100-8f7c-5eee3b0adb52PATO_0000462	AI_EQ_1
167	0	UBERON_0003097PATO_0000140PHENOSCAPE_complement_ofPATO_0002261UBERON_0000152	AI_EQ_1
167	1	UBERON_0003097PATO_0002261UBERON_0000152	AI_EQ_1
168	0	UBERON_0018328PATO_0000610	AI_EQ_1
168	1	UBERON_0018328PATO_0000608	AI_EQ_1
169	0	UBERON_0003685RO_0002150UBERON_0005871RO_0002150UBERON_0001682PATO_0002481	AI_EQ_1
169	1	UBERON_0003685RO_0002150UBERON_0005871RO_0002150UBERON_0001682PATO_0005023	AI_EQ_1
170	0	UBERONTEMP_c40bc8cf-9f68-4f86-a198-ed27473ba6f1PATO_0000467	AI_EQ_1
170	1	UBERON_3000717PATO_0000467	AI_EQ_1
170	2	UBERON_3000711PATO_0000467	AI_EQ_1
171	0	UBERON_0004529BFO_0000050UBERONTEMP_ccfa76d5-b232-49d6-8140-1d141d0ac162PATO_0000467	AI_EQ_1
171	1	UBERON_0004529BFO_0000050UBERONTEMP_ccfa76d5-b232-49d6-8140-1d141d0ac162PATO_0000462	AI_EQ_1
172	0	BSPO_0000072BFO_0000050UBERON_0002397PATO_0005011UBERON_0018332	AI_EQ_1
172	1	BSPO_0000072BFO_0000050UBERON_0002397PATO_0001961UBERON_0018332	AI_EQ_1
172	1	BSPO_0000072BFO_0000050UBERON_0002397PATO_0001598	AI_EQ_2
173	0	UBERONTEMP_8bd39461-7e48-428f-8f19-fa2700bc3796PATO_0000467	AI_EQ_1
173	1	UBERONTEMP_8bd39461-7e48-428f-8f19-fa2700bc3796PATO_0000462	AI_EQ_1
174	0	UBERON_0002030PATO_0000462	AI_EQ_1
174	1	UBERON_0002030PATO_0000467	AI_EQ_1
175	0	UBERON_3000365PATO_0000117PHENOSCAPE_complement_ofPATO_0000586	AI_EQ_1
175	0	UBERON_3000365PATO_0000052PHENOSCAPE_complement_ofPATOTEMP_16d43756-56ce-46c0-97b3-cb9e097f6029	AI_EQ_2
175	1	UBERON_3000365PATO_0000586	AI_EQ_1
175	1	UBERON_3000365PATOTEMP_16d43756-56ce-46c0-97b3-cb9e097f6029	AI_EQ_2
176	0	UBERON_4300006PATO_0000470	AI_EQ_1
176	1	UBERON_4300006PATO_0001997	AI_EQ_1
177	0	UBERON_0018273PATO_0000467	AI_EQ_1
177	1	UBERON_0018273PATO_0000462	AI_EQ_1
178	0	BSPO_0000082BFO_0000050UBERON_0000210PATO_0000406	AI_EQ_1
178	1	BSPO_0000082BFO_0000050UBERON_0000210PATO_0000600	AI_EQ_1
179	0	UBERON_0018286PATO_0000462	AI_EQ_1
179	1	UBERON_0018286PATO_0000467	AI_EQ_1
180	0	UBERON_0018360PATO_0000462	AI_EQ_1
180	1	UBERON_0018360PATO_0000587	AI_EQ_1
180	2	UBERON_0018360PATO_0000586	AI_EQ_1
181	0	UBERON_0018295BFO_0000050UBERON_0018301PATO_0002448UBERON_0018293	AI_EQ_1
181	0	UBERON_0018295BFO_0000050UBERON_0018301PATO_0002448UBERON_0018344	AI_EQ_2
181	0	UBERON_0018295BFO_0000050UBERON_0018301PATO_0002448UBERON_0018298	AI_EQ_3
181	1	UBERON_0018295BFO_0000050UBERON_0018301PATO_0002448BSPOTEMP_659dc02e-cee1-49ee-96db-fd1988ce4f99BFO_0000050UBERON_0018288	AI_EQ_1
181	2	UBERON_0018295BFO_0000050UBERON_0018301PATO_0002448UBERON_0018272	AI_EQ_1
182	0	UBERON_0018267PATO_0000462	AI_EQ_1
182	1	UBERON_0018267PATO_0001495	AI_EQ_1
182	2	UBERON_0018267PATO_0005012	AI_EQ_1
183	0	UBERON_4300134PATO_0000117PHENOSCAPE_complement_ofPATOTEMP_b415c39d-99b0-4745-a81d-ede3cfe8e963	AI_EQ_1
183	1	UBERON_4300134PATOTEMP_b415c39d-99b0-4745-a81d-ede3cfe8e963	AI_EQ_1
184	0	BSPOTEMP_aede1f44-ef1c-477d-b5aa-b5fb9a9f2b15BFO_0000050UBERON_0004742PATO_0002180	AI_EQ_1
184	1	BSPOTEMP_aede1f44-ef1c-477d-b5aa-b5fb9a9f2b15BFO_0000050UBERON_0004742PATO_0001857	AI_EQ_1
184	2	BSPOTEMP_aede1f44-ef1c-477d-b5aa-b5fb9a9f2b15BFO_0000050UBERON_0004742PATO_0001355	AI_EQ_1
184	3	BSPOTEMP_aede1f44-ef1c-477d-b5aa-b5fb9a9f2b15BFO_0000050UBERON_0004742PATOTEMP_e8217f0e-e93c-4fa2-8261-216a8ca47dd9	AI_EQ_1
185	0	UBERON_0018359PATO_0000140PHENOSCAPE_complement_ofPATO_0001961UBERON_0018359	AI_EQ_1
185	1	UBERON_0018359PATO_0001961UBERON_0018359	AI_EQ_1
186	0	UBERON_0003113PATO_0002296	AI_EQ_1
186	1	UBERON_0003113PATO_0000150	AI_EQ_1
186	2	UBERON_0003113PATO_0000701	AI_EQ_1
186	3	UBERON_0003113PATO_0002358	AI_EQ_1
186	3	UBERON_0003113PATO_0000150	AI_EQ_2
187	0	UBERONTEMP_3284c377-3cb0-42d5-be7e-a82623ff323aPATO_0000122PHENOSCAPE_complement_ofPATO_0000574	AI_EQ_1
187	0	UBERONTEMP_683c301c-fd17-4bc2-9a58-aacf82c24aeePATO_0000122PHENOSCAPE_complement_ofPATO_0000574	AI_EQ_2
187	1	UBERONTEMP_3284c377-3cb0-42d5-be7e-a82623ff323aPATO_0000574	AI_EQ_1
187	1	UBERONTEMP_683c301c-fd17-4bc2-9a58-aacf82c24aeePATO_0000574	AI_EQ_2
188	0	UBERON_4200018PATO_0000462	AI_EQ_1
188	1	UBERON_4200018PATOTEMP_4cd5d463-bbe6-44ed-aacf-a77869cfb03a	AI_EQ_1
188	2	UBERON_4200018PATOTEMP_d6bdbb19-8950-4dfd-af6f-2794c50b1c02	AI_EQ_1
189	0	UBERON_0001300PATO_0002259UBERON_0000989	AI_EQ_1
189	1	UBERON_0001300PATO_0001505UBERON_0000989	AI_EQ_1
190	0	UBERONTEMP_94f0b1bc-80a4-4342-8b3b-c101c07a8f6dPATO_0000462	AI_EQ_1
190	1	UBERONTEMP_94f0b1bc-80a4-4342-8b3b-c101c07a8f6dPATO_0000587	AI_EQ_1
190	1	UBERONTEMP_94f0b1bc-80a4-4342-8b3b-c101c07a8f6dPATO_0005020	AI_EQ_2
190	2	UBERONTEMP_94f0b1bc-80a4-4342-8b3b-c101c07a8f6dPATO_0000586	AI_EQ_1
191	0	UBERON_0007380PATO_0000052PHENOSCAPE_complement_ofPATO_0002539	AI_EQ_1
191	1	UBERON_0007380PATO_0002539	AI_EQ_1
191	1	UBERON_0007380PATOTEMP_54859750-f781-473b-914e-5fd28d57d5a1	AI_EQ_2
192	0	UBERON_0003675BFO_0000050UBERONTEMP_7fe44cf6-b7d9-49e8-9ffa-3a8cbe8a1769PATO_0000141PHENOSCAPE_complement_ofPATOTEMP_292cb96b-99ee-4c20-94f6-e8b356c13fc4UBERON_0003677BFO_0000050UBERONTEMP_7fe44cf6-b7d9-49e8-9ffa-3a8cbe8a1769	AI_EQ_1
192	1	UBERON_0003675BFO_0000050UBERONTEMP_7fe44cf6-b7d9-49e8-9ffa-3a8cbe8a1769PATOTEMP_292cb96b-99ee-4c20-94f6-e8b356c13fc4UBERON_0003677BFO_0000050UBERONTEMP_7fe44cf6-b7d9-49e8-9ffa-3a8cbe8a1769	AI_EQ_1
193	0	UBERON_0004529BFO_0000050UBERON_0001682PATO_0000462	AI_EQ_1
193	1	UBERON_0004529BFO_0000050UBERON_0001682PATO_0000467	AI_EQ_1
194	0	UBERON_0007601BFO_0000050UBERON_0000162BFO_0000050UBERON_0003100PATO_0000467	AI_EQ_1
194	1	UBERON_0007601BFO_0000050UBERON_0000162BFO_0000050UBERON_0003100PATO_0000462	AI_EQ_1
195	0	UBERON_0010290PATO_0000117PHENOSCAPE_complement_ofPATO_0000586	AI_EQ_1
195	1	UBERON_0010290PATO_0000586	AI_EQ_1
196	0	UBERON_0000209PATO_0001505UBERON_0002397	AI_EQ_1
196	1	UBERON_0000209PATO_0001961UBERONTEMP_f8c897f0-4f0d-4814-8e4c-b6ec037a6ba6	AI_EQ_1
196	2	UBERON_0002397PATO_0000462	AI_EQ_1
196	2	UBERON_0000209PATO_0001505UBERON_0002397	AI_EQ_2
197	0	UBERON_0018320RO_0002220UBERONTEMP_9845ca83-6683-40cf-9c69-0786f38f16f1PATO_0000462	AI_EQ_1
197	1	UBERON_0018320RO_0002220UBERONTEMP_9845ca83-6683-40cf-9c69-0786f38f16f1PATO_0000467	AI_EQ_1
198	0	UBERON_0008803PATO_0000915PHENOSCAPE_complement_ofPATO_0000591	AI_EQ_1
198	1	UBERON_0008803PATO_0000591	AI_EQ_1
199	0	UBERON_0018289BFO_0000050UBERON_0018282PATO_0001989	AI_EQ_1
199	1	UBERON_0018289BFO_0000050UBERON_0018282PATO_0002180	AI_EQ_1
200	0	UBERON_0018285PATO_0005008	AI_EQ_1
200	1	UBERON_0018285PATO_0005007	AI_EQ_1
201	0	UBERON_0018276PATOTEMP_499c1f37-c1fe-456a-86be-ce5f94a44782	AI_EQ_1
201	1	UBERON_0018276PATOTEMP_90107b2b-e954-4469-8e9f-f19a5c6eb557	AI_EQ_1
201	2	UBERON_0018276PATO_0000462	AI_EQ_1
202	0	UBERON_0004746PATO_0001505UBERON_0000210	AI_EQ_1
202	1	UBERON_0004746PATO_0001961UBERON_0000210	AI_EQ_1
203	0	UBERON_0001430PATO_0005006UBERON_0001431	AI_EQ_1
203	1	UBERON_0001430PATO_0000642UBERON_0001431	AI_EQ_1
