1	0	UBERON_0018296PATO_0002261BSPO_0000067BFO_0000050UBERON_0003672	AI_EQ_1
1	0	UBERON_0018297PATO_0000586	AI_EQ_2
1	1	UBERON_0018296PATO_0002261BSPO_0000072BFO_0000050BSPO_0000067BFO_0000050UBERON_0003672	AI_EQ_1
1	1	UBERON_0018297PATO_0000467	AI_EQ_2
1	2	UBERON_0018296PATO_0002261BSPO_0000072BFO_0000050BSPO_0000067BFO_0000050UBERON_0003672	AI_EQ_1
1	2	UBERON_0018297PATO_0000462	AI_EQ_2
2	0	UBERONTEMP_043616cc-abac-415d-b5e7-b0e96d27c4baPATOTEMP_499c1f37-c1fe-456a-86be-ce5f94a44782	AI_EQ_1
2	1	UBERONTEMP_043616cc-abac-415d-b5e7-b0e96d27c4baPATO_0001784	AI_EQ_1
3	0	UBERON_0017098PATO_0001505UBERON_4100111	AI_EQ_1
3	1	UBERON_0017098PATO_0002261UBERON_4100111	AI_EQ_1
4	0	UBERON_0001095PATO_0000569	AI_EQ_1
4	1	UBERON_0001095PATO_0000570	AI_EQ_1
5	0	UBERONTEMP_9784fd41-af57-4b35-8fd6-6f64196109a7PATO_0000467	AI_EQ_1
5	0	UBERONTEMP_657f231c-3c4d-4853-a17f-82c710315be6PATO_0000462	AI_EQ_2
5	1	UBERONTEMP_9784fd41-af57-4b35-8fd6-6f64196109a7PATO_0000467	AI_EQ_1
5	1	UBERONTEMP_657f231c-3c4d-4853-a17f-82c710315be6PATO_0000467	AI_EQ_2
5	2	UBERONTEMP_ba10737a-6aef-4435-b85f-4761b4978e5fPATOTEMP_a37eda36-7bb0-4386-a24d-383cf3a9d474	AI_EQ_1
6	0	UBERON_3000003PATO_0005013	AI_EQ_1
6	1	UBERON_3000003PATO_0001961UBERON_0001681	AI_EQ_1
6	2	UBERON_3000003PATO_0001961UBERON_0000209	AI_EQ_1
6	3	UBERON_3000003PATO_0002488UBERON_0000209	AI_EQ_1
6	4		AI_EQ_1
7	0	BSPO_0000077BFO_0000050UBERON_0002074PATO_0005022	AI_EQ_1
7	1	BSPO_0000077BFO_0000050UBERON_0002074PATO_0001851	AI_EQ_1
8	0	UBERON_0018367BFO_0000050UBERON_0004626PATO_0000462	AI_EQ_1
8	0	UBERON_0018367BFO_0000050UBERON_0004626PATO_0002235	AI_EQ_2
8	0	UBERON_0018367BFO_0000050UBERON_0004627PATO_0000462	AI_EQ_3
8	0	UBERON_0018367BFO_0000050UBERON_0004627PATO_0002235	AI_EQ_4
8	1	UBERON_0018367BFO_0000050UBERON_0004626PATO_0001890	AI_EQ_1
8	1	UBERON_0004529BFO_0000050BSPO_0000082BFO_0000050UBERON_0018367BFO_0000050UBERON_0004626PATO_0000467	AI_EQ_2
8	1	UBERON_0018367BFO_0000050UBERON_0004627PATO_0001890	AI_EQ_3
8	1	UBERON_0004529BFO_0000050BSPO_0000082BFO_0000050UBERON_0018367BFO_0000050UBERON_0004627PATO_0000467	AI_EQ_4
9	0	UBERONTEMP_1a260624-dd7f-4984-a989-789d6e961a3cPATO_0000462	AI_EQ_1
9	1	UBERONTEMP_1a260624-dd7f-4984-a989-789d6e961a3cPATO_0000467	AI_EQ_1
10	0	UBERONTEMP_160a7d88-ce21-4e9f-bc46-5cb40d86b259PATO_0001633UBERON_0006054	AI_EQ_1
10	1	UBERONTEMP_160a7d88-ce21-4e9f-bc46-5cb40d86b259PATO_0001653UBERON_0006054	AI_EQ_1
10	2	UBERONTEMP_160a7d88-ce21-4e9f-bc46-5cb40d86b259PATO_0001632UBERON_0006054	AI_EQ_1
11	0	UBERON_0018371PATO_0000569	AI_EQ_1
11	1	UBERON_0018371PATO_0001154	AI_EQ_1
11	1	UBERON_0018371PATO_0002212	AI_EQ_2
12	0	UBERON_0017164PATO_0000462	AI_EQ_1
12	1	UBERON_0017164PATO_0000467	AI_EQ_1
13	0	UBERON_0001094PATO_0001667UBERON_0001273	AI_EQ_1
13	1	UBERON_0001094PATO_0001505UBERON_0001273	AI_EQ_1
14	0	UBERON_2001805PATO_0000651UBERON_0011637	AI_EQ_1
14	1	UBERON_2001805PATO_0000642UBERON_0011637	AI_EQ_1
15	0	UBERON_0001424PATO_0000122PHENOSCAPE_complement_ofPATO_0000122PATO_0002305PATO_0000122BFO_0000052UBERON_0000976	AI_EQ_1
15	1	UBERON_0001424PATO_0000122PATO_0002305PATO_0000122BFO_0000052UBERON_0000976	AI_EQ_1
16	0	UBERON_0001003BFO_0000050BSPO_0000071BFO_0000050UBERON_0000162BFO_0000050UBERON_0003100PATO_0000462	AI_EQ_1
16	1	UBERON_0001003BFO_0000050BSPO_0000071BFO_0000050UBERON_0000162BFO_0000050UBERON_0003100PATO_0000467	AI_EQ_1
17	0	UBERON_4200135PATO_0000462	AI_EQ_1
17	1	UBERON_4200135PATO_0000467	AI_EQ_1
18	0	UBERON_0002396PATOTEMP_90107b2b-e954-4469-8e9f-f19a5c6eb557	AI_EQ_1
18	1	UBERON_0002396PATOTEMP_499c1f37-c1fe-456a-86be-ce5f94a44782	AI_EQ_1
19	0	UBERON_0017249PATOTEMP_499c1f37-c1fe-456a-86be-ce5f94a44782	AI_EQ_1
19	1	UBERON_0017249PATO_0002533	AI_EQ_1
19	2	UBERON_0017249PATO_0000462	AI_EQ_1
20	0	UBERON_0001695PATO_0001961UBERON_0004339	AI_EQ_1
20	1	UBERON_0001695PATO_0001505UBERON_0004339	AI_EQ_1
21	0	UBERON_0004704BFO_0000050BSPO_0000079BFO_0000050UBERON_0004328PATO_0002034	AI_EQ_1
21	1	UBERON_0004704BFO_0000050BSPO_0000079BFO_0000050UBERON_0004328PATO_0002533	AI_EQ_1
21	1	UBERON_0018306BFO_0000050BSPO_0000079BFO_0000050UBERON_0004328PATO_0000463	AI_EQ_2
21	1	UBERON_0018306BFO_0000050BSPO_0000079BFO_0000050UBERON_0004328PATO_0002481	AI_EQ_3
22	0	UBERON_2000356PATO_0001154	AI_EQ_1
22	1	UBERON_2000356PATO_0002359	AI_EQ_1
23	0	BSPO_0000067BFO_0000050UBERON_0002397BSPO_0000099UBERON_0018341PATO_0001505BSPO_0000067BFO_0000050UBERON_0002397BSPO_0000099UBERON_0018341	AI_EQ_1
23	1	BSPO_0000067BFO_0000050UBERON_0002397BSPO_0000099UBERON_0018341PATO_0001961BSPO_0000067BFO_0000050UBERON_0002397BSPO_0000099UBERON_0018341	AI_EQ_1
24	0	UBERON_0006846BFO_0000050BSPO_0000077BFO_0000050UBERON_0006597PATO_0000462	AI_EQ_1
24	1	UBERON_0006846BFO_0000050BSPO_0000077BFO_0000050UBERON_0006597PATO_0001596	AI_EQ_1
24	1	UBERON_0006846BFO_0000050BSPO_0000077BFO_0000050UBERON_0006597PATO_0000599	AI_EQ_2
25	0	UBERON_0017261PATO_0000462	AI_EQ_1
25	1	UBERON_0017261PATO_0000467	AI_EQ_1
26	0	UBERON_0000152BSPO_0000120UBERON_0000468PATO_0001505UBERON_0000152BSPO_0000121UBERON_0000468	AI_EQ_1
26	1	UBERON_0000152BSPO_0000120UBERON_0000468PATO_0002488UBERON_0000152BSPO_0000121UBERON_0000468	AI_EQ_1
27	0	UBERON_0002228PATOTEMP_05e2dbcc-ba43-40e1-a80c-af1fdcb368b2	AI_EQ_1
27	1	UBERON_0002228PATOTEMP_09c64970-0329-4bad-9e19-2d2a9995742c	AI_EQ_1
28	0	UBERONTEMP_a8fd6c8c-5029-4740-8e0c-99856641de75PATO_0000467	AI_EQ_1
28	1	UBERONTEMP_a8fd6c8c-5029-4740-8e0c-99856641de75PATO_0005011UBERON_2002284BFO_0000050UBERON_2000178BFO_0000053PATOTEMP_a5ae04f1-1601-4881-b043-f326b6a2861b	AI_EQ_1
29	0	UBERON_4300130PATO_0000462	AI_EQ_1
29	1	UBERON_4300130PATO_0000467	AI_EQ_1
30	0	UBERON_2000422PATO_0001633UBERON_4100000BFO_0000050UBERON_0004744	AI_EQ_1
30	1	UBERON_2000422PATOTEMP_b65b4440-adac-459d-a9ec-dd491662621eUBERON_4100000BFO_0000050UBERON_0004744	AI_EQ_1
31	0	UBERON_0005094PATO_0000141PHENOSCAPE_complement_ofPATOTEMP_83838d86-b1f2-49ab-84e7-27e0a6983134	AI_EQ_1
31	1	UBERON_0005094PATOTEMP_83838d86-b1f2-49ab-84e7-27e0a6983134	AI_EQ_1
32	0	UBERON_0017102PATO_0000467	AI_EQ_1
32	1	UBERON_0017102PATO_0000462	AI_EQ_1
33	0	UBERON_0010389PATO_0002391	AI_EQ_1
33	1	UBERON_0010389PATO_0002391	AI_EQ_1
33	1	UBERON_0004529BFO_0000050UBERON_0010389PATO_0002514	AI_EQ_2
33	2	UBERON_0010389PATOTEMP_22a6171a-d202-4f19-baa9-e90d18079c0f	AI_EQ_1
33	3	UBERON_0010389PATOTEMP_517eec99-06f8-46b2-a906-c20b72edcd9d	AI_EQ_1
33	3	UBERON_0010389PATO_0000588	AI_EQ_2
33	4	UBERON_0010389PATO_0000462	AI_EQ_1
34	0	UBERONTEMP_93300be9-c8a2-4683-bf24-aac2a855eac6BFO_0000050BSPO_0000072BFO_0000050UBERON_0018373PATO_0002261UBERON_0006428	AI_EQ_1
34	1	UBERONTEMP_93300be9-c8a2-4683-bf24-aac2a855eac6BFO_0000050BSPO_0000072BFO_0000050UBERON_0018373PATO_0002261UBERON_0006428	AI_EQ_1
34	1	UBERONTEMP_93300be9-c8a2-4683-bf24-aac2a855eac6BFO_0000050BSPO_0000072BFO_0000050UBERON_0018373PATO_0002261UBERON_0004746	AI_EQ_2
34	2	UBERONTEMP_93300be9-c8a2-4683-bf24-aac2a855eac6BFO_0000050BSPO_0000072BFO_0000050UBERON_0018373PATO_0002261UBERON_0004746	AI_EQ_1
34	3	UBERONTEMP_93300be9-c8a2-4683-bf24-aac2a855eac6BFO_0000050BSPO_0000072BFO_0000050UBERON_0018373PATO_0002261UBERON_0006428	AI_EQ_1
34	3	UBERONTEMP_93300be9-c8a2-4683-bf24-aac2a855eac6BFO_0000050BSPO_0000072BFO_0000050UBERON_0018373PATO_0002261UBERON_0000210	AI_EQ_2
35	0	UBERON_0018621PATO_0000467	AI_EQ_1
35	1	UBERON_0018621PATO_0000462	AI_EQ_1
36	0	UBERON_0001091BFO_0000050UBERON_0018283PATO_0005021	AI_EQ_1
36	1	UBERON_0001091BFO_0000050UBERON_0018283PATOTEMP_85fc2166-d11b-4aae-95f5-21522ee77e9c	AI_EQ_1
36	1	UBERON_0001091BFO_0000050UBERON_0018283PATO_0005009	AI_EQ_2
37	0	UBERON_0018312PATOTEMP_9cc98a1a-825a-4b19-9859-219e4c72f26e	AI_EQ_1
37	1	UBERON_0018312PATOTEMP_ed9e88eb-3494-40d8-88ba-3883a7e5ebbf	AI_EQ_1
38	0	UBERONTEMP_3b77fb04-1e62-43af-a84b-5d5eb7388525PATO_0000462	AI_EQ_1
38	1	UBERONTEMP_3b77fb04-1e62-43af-a84b-5d5eb7388525PATO_0000467	AI_EQ_1
38	1	UBERONTEMP_e721be0d-84cc-4420-be39-a96b9f84beccPATO_0000467	AI_EQ_2
38	2	UBERONTEMP_3b77fb04-1e62-43af-a84b-5d5eb7388525PATO_0000467	AI_EQ_1
38	2	UBERONTEMP_080c03c2-7703-4e20-86a6-92044baec6b3PATO_0000467	AI_EQ_2
39	0	UBERON_0018317PATO_0000701	AI_EQ_1
39	1	UBERON_0018317PATOTEMP_31bc4d29-9a48-4581-be6f-41132c77efb7	AI_EQ_1
39	2	UBERON_0018317PATOTEMP_90175bd2-30b1-4133-8ff4-223f0f820d83	AI_EQ_1
39	3	UBERON_0018317PATOTEMP_31bc4d29-9a48-4581-be6f-41132c77efb7	AI_EQ_1
39	3	UBERON_0018317PATOTEMP_90175bd2-30b1-4133-8ff4-223f0f820d83	AI_EQ_2
40	0	BSPO_0000671BFO_0000050UBERON_0001681PATO_0001857	AI_EQ_1
40	1	BSPO_0000671BFO_0000050UBERON_0001681PATO_0002180	AI_EQ_1
40	2	BSPO_0000671BFO_0000050UBERON_0001681PATO_0001355	AI_EQ_1
41	0	UBERONTEMP_77dc0e17-6de8-4115-a7f6-9e692dab9029PATO_0000052PHENOSCAPE_complement_ofPATO_0002232	AI_EQ_1
41	0	BSPO_0000082BFO_0000050BSPO_0000071BFO_0000050UBERONTEMP_77dc0e17-6de8-4115-a7f6-9e692dab9029PATO_0000052PHENOSCAPE_complement_ofPATO_0001857	AI_EQ_2
41	1	UBERONTEMP_77dc0e17-6de8-4115-a7f6-9e692dab9029PATO_0002232	AI_EQ_1
41	1	BSPO_0000082BFO_0000050BSPO_0000071BFO_0000050UBERONTEMP_77dc0e17-6de8-4115-a7f6-9e692dab9029PATO_0001857	AI_EQ_2
42	0	UBERON_0011593PATO_0000921PATO_0002304PATO_0000122BFO_0000052UBERON_0011593	AI_EQ_1
42	1	UBERON_0011593PATO_0002397	AI_EQ_1
42	2	UBERON_0011593PATO_0000122PATO_0002304PATO_0000921BFO_0000052UBERON_0011593	AI_EQ_1
43	0	UBERON_2001983PATO_0000122PATO_0002306PATO_0000122BFO_0000052UBERON_0001075BFO_0000050UBERONTEMP_6be80d29-edb2-4da5-ae46-0ceed67a11fb	AI_EQ_1
43	1	UBERON_2001983PATO_0000122PATO_0002304PATO_0000122BFO_0000052UBERON_0001075BFO_0000050UBERONTEMP_6be80d29-edb2-4da5-ae46-0ceed67a11fb	AI_EQ_1
43	2	UBERON_2001983PATO_0000122PATO_0002305PATO_0000122BFO_0000052UBERON_0001075BFO_0000050UBERONTEMP_6be80d29-edb2-4da5-ae46-0ceed67a11fb	AI_EQ_1
44	0	UBERONTEMP_8c5bfe06-2d2f-4fb0-a007-d95f0c9d6ff0RO_0002170UBERONTEMP_1464c6a6-3dfd-4012-a7f9-2345d6c35a4dPATO_0000462	AI_EQ_1
44	0	UBERONTEMP_8c5bfe06-2d2f-4fb0-a007-d95f0c9d6ff0RO_0002170UBERONTEMP_f8e06136-ea33-4350-86f8-ae94bee54e43PATO_0000462	AI_EQ_2
44	1	UBERONTEMP_8c5bfe06-2d2f-4fb0-a007-d95f0c9d6ff0RO_0002170UBERONTEMP_1464c6a6-3dfd-4012-a7f9-2345d6c35a4dPATO_0000467	AI_EQ_1
44	1	UBERONTEMP_8c5bfe06-2d2f-4fb0-a007-d95f0c9d6ff0RO_0002170UBERONTEMP_f8e06136-ea33-4350-86f8-ae94bee54e43PATO_0000467	AI_EQ_2
45	0	UBERON_0010516PATO_0001925PHENOSCAPE_complement_ofPATO_0001205	AI_EQ_1
45	1	UBERON_0010516PATO_0001205	AI_EQ_1
46	0	UBERONTEMP_56dad3b4-46b2-4823-a7b2-88a10ef98ae3PATO_0000462	AI_EQ_1
46	1	UBERONTEMP_56dad3b4-46b2-4823-a7b2-88a10ef98ae3PATO_0000467	AI_EQ_1
47	0	UBERON_3000543BFO_0000050UBERON_0011636orUBERON_0011079orUBERON_0011637PATO_0000462	AI_EQ_1
47	1	UBERON_3000543BFO_0000050UBERON_0011636orUBERON_0011079orUBERON_0011637PATO_0000467	AI_EQ_1
48	0	BSPO_0000071BFO_0000050UBERON_0010889PATO_0000117PHENOSCAPE_complement_ofPATO_0000586	AI_EQ_1
48	0	BSPO_0000082BFO_0000050UBERON_0010889PATO_0000117PHENOSCAPE_complement_ofPATO_0000586	AI_EQ_2
48	1	BSPO_0000071BFO_0000050UBERON_0010889PATO_0000586	AI_EQ_1
48	1	UBERON_0010889PATO_0002253	AI_EQ_2
48	1	BSPO_0000679BFO_0000050UBERON_0010889PATO_0000642UBERON_0000209	AI_EQ_3
48	2	BSPO_0000071BFO_0000050UBERON_0010889PATO_0000586	AI_EQ_1
48	2	BSPO_0000082BFO_0000050UBERON_0010889PATO_0000586	AI_EQ_2
48	2	UBERON_0010889PATO_0002376	AI_EQ_3
48	2	BSPO_0000679BFO_0000050UBERON_0010889PATO_0000642UBERON_0000209	AI_EQ_4
49	0	UBERON_0018324PATO_0000140PHENOSCAPE_complement_ofPATO_0002464UBERON_0000309	AI_EQ_1
49	1	UBERON_0018324PATO_0002464UBERON_0000309	AI_EQ_1
50	0	UBERON_0018296BFO_0000050UBERON_0018284PATO_0000462	AI_EQ_1
50	1	UBERON_0018296BFO_0000050UBERON_0018284PATO_0000467	AI_EQ_1
51	0	UBERON_0018365PATO_0000573	AI_EQ_1
51	1	UBERON_0018365PATO_0000574	AI_EQ_1
51	2	UBERON_0018365PATO_0000462	AI_EQ_1
52	0	UBERONTEMP_e721be0d-84cc-4420-be39-a96b9f84beccBFO_0000050BSPO_0000084BFO_0000050UBERON_0000309PATO_0000462	AI_EQ_1
52	1	UBERONTEMP_e721be0d-84cc-4420-be39-a96b9f84beccBFO_0000050BSPO_0000084BFO_0000050UBERON_0000309PATO_0000467	AI_EQ_1
53	0	UBERON_0013685BFO_0000050UBERON_0000210PATO_0000070PHENOSCAPE_complement_ofPATO_0002118	AI_EQ_1
53	1	UBERON_0013685BFO_0000050UBERON_0000210PATO_0002118	AI_EQ_1
54	0	UBERON_0010202PATO_0000140PHENOSCAPE_complement_ofPATOTEMP_93532faa-3257-4395-8d05-3ad8a817c343UBERON_0002542	AI_EQ_1
54	1	UBERON_0010202PATOTEMP_93532faa-3257-4395-8d05-3ad8a817c343UBERON_0002542	AI_EQ_1
55	0	UBERON_2001737PATO_0000467	AI_EQ_1
55	0	UBERON_2001737BFO_0000050UBERON_0006849PATO_0000462	AI_EQ_2
55	1	UBERON_2001737PATO_0000467	AI_EQ_1
55	1	UBERON_2001737BFO_0000050UBERON_0006849PATO_0000467	AI_EQ_2
55	2	UBERON_2001737PATO_0000462	AI_EQ_1
56	0	UBERON_0010750PATO_0000467	AI_EQ_1
56	1	UBERON_0010750PATO_0000462	AI_EQ_1
57	0	UBERON_0001697PATO_0002397	AI_EQ_1
57	1	UBERON_0001697PATO_0001154	AI_EQ_1
58	0	UBERONTEMP_3a1a30ab-0e76-41f1-b5f9-46083dfd62e2PATO_0000462	AI_EQ_1
58	1	UBERONTEMP_3a1a30ab-0e76-41f1-b5f9-46083dfd62e2PATO_0000467	AI_EQ_1
59	0	UBERON_0003624PATO_0000122PATO_0002305PATO_0000122BFO_0000052UBERON_0003623	AI_EQ_1
59	1	UBERON_0003623PATO_0000122PATO_0002305PATO_0000122BFO_0000052UBERON_0003624	AI_EQ_1
60	0	UBERON_0000468PATO_0002212	AI_EQ_1
60	1	UBERON_0000468PATOTEMP_4c9173de-0026-45c4-ae15-94c5f7be4ca5	AI_EQ_1
61	0	UBERON_0011079PATO_0000467	AI_EQ_1
61	1	UBERON_0011079PATO_0000462	AI_EQ_1
62	0	UBERON_4300132BFO_0000050BSPO_0000079BFO_0000050BSPO_0000072BFO_0000050UBERON_0004637PATO_0000462	AI_EQ_1
62	1	UBERON_4300132BFO_0000050BSPO_0000079BFO_0000050BSPO_0000072BFO_0000050UBERON_0004637PATO_0000467	AI_EQ_1
63	0	UBERONTEMP_cb7c3969-f86b-406f-91c8-55edd9cc9afaPATO_0000587	AI_EQ_1
63	1	UBERONTEMP_cb7c3969-f86b-406f-91c8-55edd9cc9afaPATO_0000586	AI_EQ_1
63	1	UBERONTEMP_cb7c3969-f86b-406f-91c8-55edd9cc9afaPATOTEMP_4f64ba78-f8f2-49ac-a6e4-a7a45344b603	AI_EQ_2
64	0	UBERONTEMP_2ce13942-7494-4362-88e4-998b6b265619PATO_0000119PATO_0002306PATO_0000119BFO_0000052UBERONTEMP_b6073a7c-f7d2-4395-87df-aee1b129357b	AI_EQ_1
64	1	UBERONTEMP_2ce13942-7494-4362-88e4-998b6b265619PATO_0000119PATO_0002305PATO_0000119BFO_0000052UBERONTEMP_b6073a7c-f7d2-4395-87df-aee1b129357b	AI_EQ_1
65	0	UBERON_0001533RO_0002170UBERON_0003120orUBERON_0003121PATO_0000467	AI_EQ_1
65	1	UBERON_0001533RO_0002220UBERON_0001530PATO_0000467	AI_EQ_1
65	2	UBERON_0001533BSPO_0000096UBERON_0001532BSPO_0000096UBERON_0001070PATO_0000467	AI_EQ_1
65	3		AI_EQ_1
66	0	UBERON_0001077BFO_0000050UBERONTEMP_aeb6ac70-fd18-403d-a0b9-dd03942c7812PATO_0001505UBERON_0001080BFO_0000050UBERONTEMP_aeb6ac70-fd18-403d-a0b9-dd03942c7812	AI_EQ_1
66	1	UBERON_0001077BFO_0000050UBERONTEMP_aeb6ac70-fd18-403d-a0b9-dd03942c7812PATO_0005011UBERON_0001080BFO_0000050UBERONTEMP_aeb6ac70-fd18-403d-a0b9-dd03942c7812	AI_EQ_1
67	0	UBERON_0002244PATOTEMP_90107b2b-e954-4469-8e9f-f19a5c6eb557	AI_EQ_1
67	1	UBERON_0002244PATOTEMP_499c1f37-c1fe-456a-86be-ce5f94a44782	AI_EQ_1
68	0	UBERON_0018323BFO_0000050BSPO_0000082BFO_0000050BSPO_0000072BFO_0000050UBERON_0004637PATO_0000462	AI_EQ_1
68	1	UBERON_0018323BFO_0000050BSPO_0000082BFO_0000050BSPO_0000072BFO_0000050UBERON_0004637PATO_0000467	AI_EQ_1
69	0	UBERON_0018361PATO_0000052PHENOSCAPE_complement_ofPATO_0002359	AI_EQ_1
69	1	UBERON_0018361PATO_0002359	AI_EQ_1
70	0	UBERON_0001716BFO_0000050UBERON_0001682PATO_0000462	AI_EQ_1
70	1	UBERON_0001716BFO_0000050UBERON_0001682PATO_0000587	AI_EQ_1
70	2	UBERON_0001716BFO_0000050UBERON_0001682PATO_0000586	AI_EQ_1
70	3	UBERON_0001716BFO_0000050UBERON_0001682PATO_0000586	AI_EQ_1
70	3	BSPO_0000067BFO_0000050UBERON_0001682PATO_0001961BSPO_0000067BFO_0000050UBERON_0001682	AI_EQ_2
71	0	UBERON_3000344PATO_0000462	AI_EQ_1
71	1	UBERON_3000344PATO_0000462	AI_EQ_1
71	1	BSPO_0000083BFO_0000050UBERON_0001680PATO_0001857	AI_EQ_2
71	1	BSPO_0000079BFO_0000050UBERON_0001682PATO_0001857	AI_EQ_3
71	2	UBERON_3000344PATO_0000467	AI_EQ_1
72	0	BSPO_0000682BFO_0000050UBERON_0018316PATO_0000052PHENOSCAPE_complement_ofPATO_0001495	AI_EQ_1
72	1	BSPO_0000682BFO_0000050UBERON_0018316PATO_0001495	AI_EQ_1
73	0	BSPO_0000072BFO_0000050UBERON_0004743PATO_0000052PHENOSCAPE_complement_ofPATO_0001495	AI_EQ_1
73	1	BSPO_0000072BFO_0000050UBERON_0004743PATO_0001495	AI_EQ_1
74	0	UBERON_0001091RO_0002371UBERON_0011634PATO_0000467	AI_EQ_1
74	1	UBERON_0001091RO_0002371UBERON_0011634PATO_0000462	AI_EQ_1
75	0	UBERONTEMP_7cc05fde-b247-4277-9fe9-be69f299ee72PATO_0000467	AI_EQ_1
75	0	BSPO_0000072BFO_0000050UBERON_0004745PATO_0002359	AI_EQ_2
75	1	UBERONTEMP_7cc05fde-b247-4277-9fe9-be69f299ee72PATO_0000462	AI_EQ_1
75	1	BSPO_0000072BFO_0000050UBERON_0004745PATO_0000599	AI_EQ_2
76	0	BSPO_0000072BFO_0000050UBERON_0000166PATOTEMP_b65b4440-adac-459d-a9ec-dd491662621eUBERON_0016942	AI_EQ_1
76	1	BSPO_0000072BFO_0000050UBERON_0000166PATO_0001632UBERON_0016942	AI_EQ_1
77	0	UBERON_0018318PATO_0002261UBERON_0018354	AI_EQ_1
77	1	UBERON_0018318PATO_0000587	AI_EQ_1
77	1	UBERON_0018318PATO_0000462	AI_EQ_2
78	0	UBERON_2002200PATO_0000462	AI_EQ_1
78	1	UBERON_2002200PATO_0000467	AI_EQ_1
79	0	UBERON_0018347PATO_0001505UBERON_0001688	AI_EQ_1
79	1	UBERON_0018347PATO_0001961UBERON_0001688	AI_EQ_1
80	0	UBERON_0000088PATO_0000462	AI_EQ_1
80	1	UBERON_0000088PATO_0000467	AI_EQ_1
81	0	UBERONTEMP_0eca0bcc-9e29-446d-bd9a-619176176347UBERON_has_muscle_insertionUBERON_4200219PATO_0000462	AI_EQ_1
81	1	UBERONTEMP_0eca0bcc-9e29-446d-bd9a-619176176347UBERON_has_muscle_insertionUBERON_4200219PATO_0000467	AI_EQ_1
82	0	UBERON_4200037PATO_0000586	AI_EQ_1
82	0	UBERON_4200037PATOTEMP_1e4e19ed-2075-484e-af76-86d15f19c11a	AI_EQ_2
82	0	UBERON_4200037PATO_0002255	AI_EQ_3
82	1	UBERON_4200037PATO_0000586	AI_EQ_1
82	1	UBERON_4200037PATO_0002272UBERON_0000976	AI_EQ_2
82	1	UBERON_4200037PATO_0002255	AI_EQ_3
82	2	UBERON_4200037PATO_0000587	AI_EQ_1
83	0	UBERON_0018357BFO_0000050BSPO_0000082BFO_0000050UBERON_0000166PATO_0000462	AI_EQ_1
83	1	UBERON_0018357BFO_0000050BSPO_0000082BFO_0000050UBERON_0000166PATO_0000467	AI_EQ_1
84	0	UBERON_0002392PATO_0000467	AI_EQ_1
84	1	UBERON_0002392PATO_0000462	AI_EQ_1
85	0	UBERON_0018340PATO_0001196UBERON_0018369	AI_EQ_1
85	2	UBERON_0018340PATO_0000462	AI_EQ_1
85	1	UBERON_0018340PATO_0001233UBERON_0018369	AI_EQ_1
86	0	UBERONTEMP_6b641a8b-ba2a-41b9-a986-8cab10625b6aRO_0002170UBERON_4400000PATO_0000462	AI_EQ_1
86	1	UBERONTEMP_6b641a8b-ba2a-41b9-a986-8cab10625b6aRO_0002170UBERON_4400000PATO_0000467	AI_EQ_1
87	0	UBERON_4300142PATO_0000467	AI_EQ_1
87	1	UBERON_4300142PATO_0000462	AI_EQ_1
88	0	UBERON_0035207PATO_0000467	AI_EQ_1
88	1	UBERON_0035207PATO_0000462	AI_EQ_1
89	0	UBERON_0018353PATO_0000462	AI_EQ_1
89	1	UBERON_0018353PATO_0000467	AI_EQ_1
90	0	BSPO_0000071BFO_0000050UBERON_0000209PATO_0001505UBERON_0002397	AI_EQ_1
90	1	BSPO_0000071BFO_0000050UBERON_0000209PATO_0001961UBERON_0002397	AI_EQ_1
91	0	UBERON_0001682PATO_0001505UBERON_0010389	AI_EQ_1
91	1	UBERON_0001682PATO_0000642UBERON_0010389	AI_EQ_1
92	0	UBERON_0018144PATO_0002180	AI_EQ_1
92	0	UBERON_0018144PATO_0002503	AI_EQ_2
92	0	UBERON_0004529BFO_0000050BSPO_0000071BFO_0000050UBERON_0018144PATO_0000462	AI_EQ_3
92	1	UBERON_0018144PATOTEMP_1bf5985d-5bbc-49df-ac82-969979dd9c3c	AI_EQ_1
92	1	UBERON_0018144PATO_0002272UBERON_0001075	AI_EQ_2
93	0	UBERONTEMP_69d443e4-368e-4754-8ca1-a2e702f2ac97PATO_0000462	AI_EQ_1
93	1	UBERONTEMP_69d443e4-368e-4754-8ca1-a2e702f2ac97PATO_0000467	AI_EQ_1
94	0	UBERON_3010069PATO_0000117PATO_0002305PATO_0000117BFO_0000052UBERON_0012131	AI_EQ_1
94	1	UBERON_3010069PATO_0000117PATO_0002304PATO_0000117BFO_0000052UBERON_0012131	AI_EQ_1
94	2	UBERON_3010069PATO_0000462	AI_EQ_1
95	0	UBERON_0018279BFO_0000050UBERON_0018284PATO_0000462	AI_EQ_1
95	1	UBERON_0018279BFO_0000050UBERON_0018284PATO_0000467	AI_EQ_1
96	0	UBERON_0018355PATO_0000462	AI_EQ_1
96	1	UBERON_0018355PATO_0000467	AI_EQ_1
97	0	UBERON_4300013PATO_0000140PHENOSCAPE_complement_ofPATO_0002464UBERON_0000309	AI_EQ_1
97	1	UBERON_4300013PATO_0002464UBERON_0000309	AI_EQ_1
98	0	UBERONTEMP_a8fd6c8c-5029-4740-8e0c-99856641de75PATO_0001233UBERON_0010202	AI_EQ_1
98	2	UBERONTEMP_f5082db7-70f4-44be-a15b-329301005f0cPATO_0000467	AI_EQ_1
98	1	UBERONTEMP_a8fd6c8c-5029-4740-8e0c-99856641de75PATO_0002488UBERON_0010202	AI_EQ_1
99	0	UBERON_0018356PATO_0000462	AI_EQ_1
99	1	UBERON_0018356PATO_0000467	AI_EQ_1
100	0	UBERON_0001091RO_0002371BSPO_0000071BFO_0000050UBERON_0004742PATO_0000467	AI_EQ_1
100	1	UBERON_0001091RO_0002371BSPO_0000071BFO_0000050UBERON_0004742PATO_0000462	AI_EQ_1
101	0	UBERON_0010710PATO_0000141PHENOSCAPE_complement_ofPATOTEMP_eeb348ab-4d7f-4129-9b9d-c0a08341c5ec	AI_EQ_1
101	1	UBERON_0010710PATOTEMP_eeb348ab-4d7f-4129-9b9d-c0a08341c5ec	AI_EQ_1
102	0	UBERON_0006849PATO_0000117PATO_0002306PATO_0000117BFO_0000052UBERON_0004743	AI_EQ_1
102	0	UBERON_0006849PATO_0000117PATO_0002305PATO_0000117BFO_0000052UBERON_0004743	AI_EQ_2
102	1	UBERON_0006849PATO_0000117PATO_0002304PATO_0000117BFO_0000052UBERON_0004743	AI_EQ_1
102	2	UBERON_0006849PATO_0000462	AI_EQ_1
102	2	UBERON_0004743PATO_0000462	AI_EQ_2
103	0	UBERON_0001649PATO_0000140PHENOSCAPE_complement_ofPATOTEMP_93532faa-3257-4395-8d05-3ad8a817c343UBERON_0018339	AI_EQ_1
103	1	UBERON_0001649PATOTEMP_93532faa-3257-4395-8d05-3ad8a817c343UBERON_0018339	AI_EQ_1
104	0	UBERON_3000543PATO_0000462	AI_EQ_1
104	0	UBERON_3000543PATO_0000587	AI_EQ_2
104	0	UBERON_3000543PATO_0000599	AI_EQ_3
104	1	UBERON_3000543PATO_0002359	AI_EQ_1
104	1	BSPO_0000079BFO_0000050UBERON_3000543PATO_0001857	AI_EQ_2
105	0	UBERONTEMP_ce51e481-b593-46b0-bf63-2e5ca23a1f85PATO_0000140PHENOSCAPE_complement_ofPATO_0001633	AI_EQ_1
105	1	UBERONTEMP_ce51e481-b593-46b0-bf63-2e5ca23a1f85PATO_0001633UBERON_0006801	AI_EQ_1
106	0	UBERON_0018358PATO_0000462	AI_EQ_1
106	1	UBERON_0018358PATO_0000467	AI_EQ_1
106	1	UBERONTEMP_c378c3db-458f-4b43-a3cb-813d1a2ea85bPATO_0002358	AI_EQ_2
107	0	UBERON_0018349PATO_0001784	AI_EQ_1
107	1	UBERON_0018349PATO_0000411	AI_EQ_1
108	0	BSPO_0000078BFO_0000050UBERON_0018305PATO_0000464	AI_EQ_1
108	0	BSPO_0000078BFO_0000050UBERON_0018305PATO_0005011UBERON_0004652	AI_EQ_2
108	1	BSPO_0000078BFO_0000050UBERON_0018305PATO_0000463	AI_EQ_1
108	1	BSPO_0000078BFO_0000050UBERON_0018305PATO_0001196UBERON_0004652	AI_EQ_2
109	0	UBERON_0018333PATO_0000462	AI_EQ_1
109	1	UBERON_0018333PATO_0000467	AI_EQ_1
110	0	UBERON_0004529BFO_0000050UBERON_0008812PATO_0000462	AI_EQ_1
110	1	UBERON_0004529BFO_0000050UBERON_0008812PATO_0001503	AI_EQ_1
110	2	UBERON_0004529BFO_0000050UBERON_0008812PATO_0002257	AI_EQ_1
111	0	BSPO_0000071BFO_0000050UBERON_0001682BSPO_0000120UBERON_0000468PATO_0001505BSPO_0000071BFO_0000050UBERON_0001682BSPO_0000121UBERON_0000468	AI_EQ_1
111	1	BSPO_0000071BFO_0000050UBERON_0001682BSPO_0000120UBERON_0000468PATO_0000642BSPO_0000071BFO_0000050UBERON_0001682BSPO_0000121UBERON_0000468	AI_EQ_1
112	0	UBERON_0018313PATO_0000632	AI_EQ_1
112	1	UBERON_0018313PATOTEMP_d6dbfefa-5751-495d-bc11-83bcad8e5e82	AI_EQ_1
113	0	UBERON_0018275PATO_0005011UBERON_0018274	AI_EQ_1
113	1	UBERON_0018275PATO_0001505UBERON_0018274	AI_EQ_1
114	0	UBERON_3000454PATO_0005012	AI_EQ_1
114	1	UBERON_3000454PATO_0005013	AI_EQ_1
115	0	UBERON_0006811PATOTEMP_499c1f37-c1fe-456a-86be-ce5f94a44782	AI_EQ_1
115	0	UBERON_0006811PATO_0002537	AI_EQ_2
115	0	UBERON_0001692PATO_0002261UBERON_0006811	AI_EQ_3
115	0	UBERON_0001693PATO_0002261UBERON_0006811	AI_EQ_4
115	1	UBERON_0006811PATO_0002533	AI_EQ_1
115	1	UBERON_0001693PATO_0002261UBERON_0006811	AI_EQ_2
115	2	UBERON_0006811PATOTEMP_499c1f37-c1fe-456a-86be-ce5f94a44782	AI_EQ_1
115	2	UBERON_0006811PATO_0001879	AI_EQ_2
115	2	UBERON_0001692PATO_0002261UBERON_0006811	AI_EQ_3
115	2	UBERON_0001693PATO_0002261UBERON_0006811	AI_EQ_4
115	3	UBERON_0006811PATOTEMP_499c1f37-c1fe-456a-86be-ce5f94a44782	AI_EQ_1
115	3	UBERON_0001692PATO_0002261UBERON_0006811	AI_EQ_2
116	0	UBERON_0010910PATO_0001505UBERON_0001567	AI_EQ_1
116	1	UBERON_0010910PATO_0001961UBERON_0001567	AI_EQ_1
117	0	UBERON_0012131PATO_0000070	AI_EQ_1
117	1	UBERON_0012131PATO_0000070	AI_EQ_1
118	0	UBERON_0018352PATO_0000462	AI_EQ_1
118	1	UBERON_0018352PATO_0000467	AI_EQ_1
119	0	UBERON_4200128PATO_0000462	AI_EQ_1
119	1	UBERON_4200128PATO_0000467	AI_EQ_1
120	0	UBERON_2002257BFO_0000051UBERONTEMP_8609c420-d25a-4fff-bdba-f5f7706530c6PATO_0000467	AI_EQ_1
120	1	UBERON_2002257BFO_0000051UBERONTEMP_8609c420-d25a-4fff-bdba-f5f7706530c6PATO_0000462	AI_EQ_1
121	0	UBERON_0018366PATO_0001448	AI_EQ_1
121	1	UBERON_0018366PATOTEMP_e7a5a00e-cf75-44e7-b26d-391526249555	AI_EQ_1
122	0	UBERON_2100271BFO_0000050UBERON_4000163PATO_0000140PHENOSCAPE_complement_ofPATO_0002483UBERON_0000309	AI_EQ_1
122	1	UBERON_2100271BFO_0000050UBERON_4000163PATO_0002483UBERON_0000309	AI_EQ_1
123	0	UBERON_0018357BSPO_0000098UBERON_0001697PATO_0002285	AI_EQ_1
123	1	UBERON_0018357BSPO_0000098UBERON_0001697PATO_0002286	AI_EQ_1
124	0	UBERON_0018335PATO_0000122PHENOSCAPE_complement_ofPATO_0000573	AI_EQ_1
124	1	UBERON_0018335PATO_0000573	AI_EQ_1
125	0	UBERONTEMP_2f99ad4b-d842-4ae9-8886-87ee98811fe5PATO_0000117PATO_0002306PATO_0000117BFO_0000052UBERONTEMP_04c4d3ea-5dfe-4f59-aafa-b6875025413b	AI_EQ_1
125	2	UBERONTEMP_2f99ad4b-d842-4ae9-8886-87ee98811fe5PATO_0000117PATO_0002305PATO_0000117BFO_0000052UBERONTEMP_04c4d3ea-5dfe-4f59-aafa-b6875025413b	AI_EQ_1
125	1	UBERONTEMP_0dbeb221-6e12-44b7-b51d-6b90d0f64c7cPATO_0000117PATO_0002305PATO_0000117BFO_0000052UBERONTEMP_04c4d3ea-5dfe-4f59-aafa-b6875025413b	AI_EQ_1
125	1	UBERON_0011594RO_0002220UBERON_0006606PATO_0000117PATO_0002304PATO_0000117BFO_0000052UBERONTEMP_04c4d3ea-5dfe-4f59-aafa-b6875025413b	AI_EQ_2
125	1	UBERON_0011594BSPO_0000099UBERON_0006606PATO_0000117PATO_0002305PATO_0000117BFO_0000052UBERONTEMP_04c4d3ea-5dfe-4f59-aafa-b6875025413b	AI_EQ_3
126	0	UBERON_0001681PATO_0001961UBERON_0010750	AI_EQ_1
126	1	UBERON_0001681PATO_0001505UBERON_0010750	AI_EQ_1
127	0	UBERON_0017615PATO_0002502	AI_EQ_1
127	0	UBERON_0017615PATO_0001191UBERON_2001978	AI_EQ_2
127	1	UBERON_0017615PATO_0002272UBERON_2001978	AI_EQ_1
127	2	UBERON_0017615PATO_0005024	AI_EQ_1
127	2	UBERON_0017615PATO_0001608	AI_EQ_2
128	0	UBERON_0011267PATO_0000467	AI_EQ_1
128	1	UBERON_0011267PATO_0000462	AI_EQ_1
129	0	UBERON_0018331PATO_0000462	AI_EQ_1
129	0	BSPO_0000072BFO_0000050UBERON_0000401PATO_0000921PHENOSCAPE_complement_ofPATO_0000921PATO_0002305PATO_0000119BFO_0000052BSPO_0000072BFO_0000050UBERON_0000401	AI_EQ_2
129	0	BSPO_0000072BFO_0000050UBERON_0000401PATO_0002254PHENOSCAPE_complement_ofPATO_0002053	AI_EQ_3
129	1	UBERON_0018331PATO_0000467	AI_EQ_1
129	1	BSPO_0000072BFO_0000050UBERON_0000401PATO_0000921PATO_0002305PATO_0000119BFO_0000052BSPO_0000072BFO_0000050UBERON_0000401	AI_EQ_2
129	1	BSPO_0000072BFO_0000050UBERON_0000401PATO_0002053	AI_EQ_3
130	0	UBERON_0018357BSPO_0000099UBERON_0001697PHENOSCAPE_extends_toUBERON_2002057PATOTEMP_ed9e88eb-3494-40d8-88ba-3883a7e5ebbf	AI_EQ_1
130	1	UBERON_0018357BSPO_0000099UBERON_0001697PHENOSCAPE_extends_toUBERON_2002057PATOTEMP_9cc98a1a-825a-4b19-9859-219e4c72f26e	AI_EQ_1
131	0	UBERONTEMP_6b22b08d-a03d-4a4c-a1bf-fd738afc8dfaBFO_0000050UBERONTEMP_0adc11c0-4876-4ea5-ad1f-a45afb90615aPATO_0000467	AI_EQ_1
131	0	UBERONTEMP_648ae26f-36b3-4dec-9c09-5a40cb82672dPATO_0001633UBERONTEMP_6b22b08d-a03d-4a4c-a1bf-fd738afc8dfa	AI_EQ_2
131	0	UBERONTEMP_6d1d8e6a-c709-46e2-a2e8-16317d6c5393PATO_0001633UBERONTEMP_6b22b08d-a03d-4a4c-a1bf-fd738afc8dfa	AI_EQ_3
131	1	UBERONTEMP_6b22b08d-a03d-4a4c-a1bf-fd738afc8dfaBFO_0000050UBERONTEMP_0adc11c0-4876-4ea5-ad1f-a45afb90615aPATO_0000467	AI_EQ_1
131	1	UBERONTEMP_6d1d8e6a-c709-46e2-a2e8-16317d6c5393PATO_0001632UBERONTEMP_6b22b08d-a03d-4a4c-a1bf-fd738afc8dfa	AI_EQ_2
132	0	UBERON_2001829RO_0002170UBERON_2000660PATO_0001997	AI_EQ_1
132	1	UBERON_2001829RO_0002170UBERON_2000660PATO_0000470	AI_EQ_1
133	0	UBERON_0002131PATO_0000117PHENOSCAPE_complement_ofPATO_0000587	AI_EQ_1
133	0	UBERON_0004075PATO_0000117PHENOSCAPE_complement_ofPATO_0000587	AI_EQ_2
133	0	UBERON_0004076PATO_0000117PHENOSCAPE_complement_ofPATO_0000587	AI_EQ_3
133	0	UBERON_0004002PATO_0000117PHENOSCAPE_complement_ofPATO_0000586	AI_EQ_4
133	1	UBERON_0002131PATO_0000587	AI_EQ_1
133	1	UBERON_0004075PATO_0000587	AI_EQ_2
133	1	UBERON_0004076PATO_0000587	AI_EQ_3
133	1	UBERON_0004002PATO_0000586	AI_EQ_4
134	0	UBERON_0002228PATO_0000070	AI_EQ_1
134	1	UBERON_0002228PATO_0000070	AI_EQ_1
134	2	UBERON_0002228PATO_0000462	AI_EQ_1
135	0	UBERON_4200215BFO_0000050BSPO_0000084BFO_0000050UBERON_0018283PATO_0001997	AI_EQ_1
135	1	UBERON_4200215BFO_0000050BSPO_0000084BFO_0000050UBERON_0018283PATO_0000470	AI_EQ_1
136	0	UBERON_0018326PATO_0000610	AI_EQ_1
136	1	UBERON_0018326PATO_0000608	AI_EQ_1
137	0	UBERON_0001423PATO_0000122PATO_0002304PATO_0000122BFO_0000052UBERON_0001424	AI_EQ_1
137	1	UBERON_0001423PATO_0000122PATO_0002305PATO_0000122BFO_0000052UBERON_0001424	AI_EQ_1
137	2	UBERON_0001423PATO_0000122PATO_0002306PATO_0000122BFO_0000052UBERON_0001424	AI_EQ_1
138	0	UBERONTEMP_8aa1a55e-924a-46a7-82af-9e8406a5149dPATO_0000462	AI_EQ_1
138	1	UBERONTEMP_8aa1a55e-924a-46a7-82af-9e8406a5149dPATO_0000467	AI_EQ_1
139	0	UBERONTEMP_04c4d3ea-5dfe-4f59-aafa-b6875025413bBFO_0000051UBERON_0016929PATO_0000462	AI_EQ_1
139	1	UBERONTEMP_04c4d3ea-5dfe-4f59-aafa-b6875025413bBFO_0000051UBERON_0016929PATO_0000467	AI_EQ_1
140	0	UBERON_0004704BFO_0000050BSPO_0000075BFO_0000050BSPO_0000079BFO_0000050UBERON_0001703PATO_0000052PHENOSCAPE_complement_ofPATOTEMP_37a095ce-53fc-4746-80ff-f7ce2a70ffa4	AI_EQ_1
140	0	UBERON_0001860PATO_0000140PHENOSCAPE_complement_ofPATOTEMP_93532faa-3257-4395-8d05-3ad8a817c343UBERON_0004704BFO_0000050BSPO_0000075BFO_0000050BSPO_0000079BFO_0000050UBERON_0001703	AI_EQ_2
140	1	UBERON_0004704BFO_0000050BSPO_0000075BFO_0000050BSPO_0000079BFO_0000050UBERON_0001703PATOTEMP_37a095ce-53fc-4746-80ff-f7ce2a70ffa4	AI_EQ_1
140	1	UBERON_0001860PATOTEMP_93532faa-3257-4395-8d05-3ad8a817c343UBERON_0004704BFO_0000050BSPO_0000075BFO_0000050BSPO_0000079BFO_0000050UBERON_0001703	AI_EQ_2
141	0	UBERON_0018343PATOTEMP_ae31beca-4250-4216-a596-14036ab9f02aUBERON_0000993	AI_EQ_1
141	1	UBERON_0018343PATOTEMP_9d816e6d-d647-4a6a-83a4-6df7f4579052UBERON_0018319	AI_EQ_1
142	0	UBERON_0018330PATO_0000574	AI_EQ_1
142	1	UBERON_0018330PATO_0000462	AI_EQ_1
142	2	UBERON_0018330PATO_0000573	AI_EQ_1
143	0	UBERON_2001577BFO_0000051UBERON_0013685PATO_0000462	AI_EQ_1
143	1	UBERON_2001577BFO_0000051UBERON_0013685PATO_0000467	AI_EQ_1
144	0	UBERON_0000152BFO_0000053PATO_0001360PATO_0000462	AI_EQ_1
144	1	UBERON_0000152BFO_0000053PATO_0001360PATO_0000467	AI_EQ_1
145	0	UBERON_0003675BFO_0000050UBERON_0011593PATO_0002211	AI_EQ_1
145	1	UBERON_0003675BFO_0000050UBERON_0011593PATO_0002021	AI_EQ_1
145	2	UBERON_0003675BFO_0000050UBERON_0011593PATO_0002535	AI_EQ_1
145	3	UBERON_0003675BFO_0000050UBERON_0011593PATO_0002457	AI_EQ_1
146	0	UBERON_2000356BFO_0000050UBERON_2001237BFO_0000053PATO_0001598PATO_0000462	AI_EQ_1
146	1	UBERON_2000356BFO_0000050UBERON_2001237BFO_0000053PATO_0001598PATO_0000467	AI_EQ_1
147	0	UBERON_0017621PATO_0000462	AI_EQ_1
147	1	UBERON_0017621PATO_0000467	AI_EQ_1
148	0	UBERON_0003677BFO_0000050UBERON_0018281PATOTEMP_499c1f37-c1fe-456a-86be-ce5f94a44782	AI_EQ_1
148	1	UBERON_0003677BFO_0000050UBERON_0018281PATO_0001786	AI_EQ_1
148	2	UBERON_0003677BFO_0000050UBERON_0018281PATO_0000402	AI_EQ_1
149	0	UBERON_0001153PATO_0000462	AI_EQ_1
149	1	UBERON_0001153PATO_0000467	AI_EQ_1
150	0		AI_EQ_1
150	1		AI_EQ_1
150	2		AI_EQ_1
150	3		AI_EQ_1
151	0	UBERON_0006844BFO_0000050UBERON_0016931BFO_0000050UBERON_0013164PATO_0000462	AI_EQ_1
151	1	UBERON_0006844BFO_0000050UBERON_0016931BFO_0000050UBERON_0013164PATO_0000467	AI_EQ_1
152	0	UBERON_0001987PATOTEMP_2c9f9e29-141a-4967-aec3-202cf1773e52	AI_EQ_1
152	1	UBERON_0001987PATOTEMP_a10fad4c-eac4-4098-b00a-2e1b9e449dba	AI_EQ_1
153	0	UBERON_0012478BFO_0000050UBERON_0003101PATO_0000462	AI_EQ_1
153	1	UBERON_0012478BFO_0000050UBERON_0003101PATO_0000467	AI_EQ_1
154	0	UBERON_3000164PATO_0000462	AI_EQ_1
154	1	UBERON_3000164PATO_0000467	AI_EQ_1
155	0	UBERON_0011079PATO_0000651UBERON_0011637	AI_EQ_1
155	1	UBERON_0011079PATO_0000462	AI_EQ_1
155	1	UBERON_0011079PATO_0000642UBERON_0011637	AI_EQ_2
156	0	UBERON_0018351PATO_0000462	AI_EQ_1
156	1	UBERON_0018351PATO_0000467	AI_EQ_1
157	0	UBERON_0011598PATO_0000462	AI_EQ_1
157	1	UBERON_0011598PATO_0000467	AI_EQ_1
158	0	UBERON_4300129PATO_0000462	AI_EQ_1
158	1	UBERON_4300129PATO_0000467	AI_EQ_1
159	0	UBERON_0001868BFO_0000053PATO_0000591PATO_0000467	AI_EQ_1
159	1	UBERON_0001868BFO_0000053PATO_0000591PATO_0000462	AI_EQ_1
160	0	UBERON_0018357BSPO_0000102UBERON_0001697PATO_0002285	AI_EQ_1
160	1	UBERON_0018357BSPO_0000102UBERON_0001697PATO_0002286	AI_EQ_1
161	0	UBERON_0000468PATO_0000573	AI_EQ_1
161	1	UBERON_0000468PATO_0000574	AI_EQ_1
162	0	UBERON_3001003BFO_0000050UBERON_0003101PATO_0000462	AI_EQ_1
162	1	UBERON_3001003BFO_0000050UBERON_0003101PATO_0000467	AI_EQ_1
163	0	UBERON_0018342PATO_0000467	AI_EQ_1
163	1	UBERON_0018342PATO_0000462	AI_EQ_1
164	0	UBERON_0010750PATO_0001505UBERON_0001683	AI_EQ_1
164	1	UBERON_0010750PATO_0001961UBERON_0001683	AI_EQ_1
165	0	BSPO_0000077BFO_0000050UBERON_0001684PATO_0000117PHENOSCAPE_complement_ofPATO_0000587	AI_EQ_1
165	0	UBERON_0004529BFO_0000050BSPO_0000083BFO_0000050BSPO_0000077BFO_0000050UBERON_0001684PATO_0000915PHENOSCAPE_complement_ofPATO_0000591	AI_EQ_2
165	0	UBERON_0000093BFO_0000050BSPO_0000083BFO_0000050BSPO_0000077BFO_0000050UBERON_0001684PATO_0000921PHENOSCAPE_complement_ofPATO_0000599	AI_EQ_3
165	1	BSPO_0000077BFO_0000050UBERON_0001684PATO_0000587	AI_EQ_1
165	1	UBERON_0004529BFO_0000050BSPO_0000083BFO_0000050BSPO_0000077BFO_0000050UBERON_0001684PATO_0000591	AI_EQ_2
165	1	UBERON_0000093BFO_0000050BSPO_0000083BFO_0000050BSPO_0000077BFO_0000050UBERON_0001684PATO_0000599	AI_EQ_3
166	0	UBERON_0018663PATO_0000467	AI_EQ_1
166	0	UBERON_0013731PATO_0000467	AI_EQ_2
166	1	UBERON_0013731PATO_0000462	AI_EQ_1
166	2	UBERONTEMP_1d4e7a81-d385-4100-8f7c-5eee3b0adb52PATO_0000462	AI_EQ_1
167	0	UBERON_0003097PATO_0000140PHENOSCAPE_complement_ofPATOTEMP_b65b4440-adac-459d-a9ec-dd491662621eUBERON_0002355	AI_EQ_1
167	1	UBERON_0003097PATOTEMP_b65b4440-adac-459d-a9ec-dd491662621eUBERON_0002355	AI_EQ_1
168	0	UBERON_0018328PATO_0000610	AI_EQ_1
168	1	UBERON_0018328PATO_0000608	AI_EQ_1
169	0	UBERON_4200215RO_0002176UBERON_0005871RO_0002176BSPO_0000682BFO_0000050UBERON_0001682PATO_0002481	AI_EQ_1
169	1	UBERON_4200215RO_0002176UBERON_0005871RO_0002176BSPO_0000682BFO_0000050UBERON_0001682PATO_0005023	AI_EQ_1
170	0	UBERON_0001075UBERONTEMP_c40bc8cf-9f68-4f86-a198-ed27473ba6f1	AI_EQ_1
170	1	UBERON_0001075UBERON_3000717	AI_EQ_1
170	2	UBERON_0001075UBERON_3000711	AI_EQ_1
171	0	UBERON_0004529BFO_0000050BSPO_0000072BFO_0000050UBERON_0002355PATOTEMP_d6bdbb19-8950-4dfd-af6f-2794c50b1c02	AI_EQ_1
171	1	UBERON_0004529BFO_0000050BSPO_0000072BFO_0000050UBERON_0002355PATO_0000462	AI_EQ_1
172	0	BSPO_0000072BFO_0000050UBERON_0002397PATO_0005011UBERON_0018332	AI_EQ_1
172	1	BSPO_0000072BFO_0000050UBERON_0002397PATO_0002503	AI_EQ_1
172	1	BSPO_0000072BFO_0000050UBERON_0002397PATO_0001961UBERON_0018332	AI_EQ_2
173	0	UBERONTEMP_8bd39461-7e48-428f-8f19-fa2700bc3796PATO_0000467	AI_EQ_1
173	1	UBERONTEMP_8bd39461-7e48-428f-8f19-fa2700bc3796PATO_0000462	AI_EQ_1
174	0	UBERON_0002030PATO_0000462	AI_EQ_1
174	1	UBERON_0002030PATO_0000467	AI_EQ_1
175	0	UBERON_3000365PATO_0000117PHENOSCAPE_complement_ofPATO_0000586	AI_EQ_1
175	0	UBERON_3000365BFO_0000053PATOTEMP_16d43756-56ce-46c0-97b3-cb9e097f6029PATO_0000462	AI_EQ_2
175	1	UBERON_3000365PATO_0000586	AI_EQ_1
175	1	UBERON_3000365BFO_0000053PATOTEMP_16d43756-56ce-46c0-97b3-cb9e097f6029PATO_0000467	AI_EQ_2
176	0	UBERON_4300006BSPO_0000102UBERON_0018369BSPO_0000098UBERONTEMP_015ccec7-d8bf-4040-aeb9-92d828def752PATO_0000470	AI_EQ_1
176	1	UBERON_4300006BSPO_0000102UBERON_0018369BSPO_0000098UBERONTEMP_015ccec7-d8bf-4040-aeb9-92d828def752PATO_0001997	AI_EQ_1
177	0	UBERON_0018273PATO_0000467	AI_EQ_1
177	1	UBERON_0018273PATO_0000462	AI_EQ_1
178	0	UBERON_0004530BFO_0000050BSPO_0000066BFO_0000050BSPO_0000071BFO_0000050UBERON_0000210PATOTEMP_063e55fe-434e-4c02-8a33-b8ee6ce48f56	AI_EQ_1
178	0	UBERON_0004530BFO_0000050BSPO_0000066BFO_0000050BSPO_0000071BFO_0000050UBERON_0000210PATO_0001500	AI_EQ_2
178	1	UBERON_0004530BFO_0000050BSPO_0000066BFO_0000050BSPO_0000071BFO_0000050UBERON_0000210PATO_0002359	AI_EQ_1
179	0	UBERON_0018286PATO_0000462	AI_EQ_1
179	1	UBERON_0018286PATO_0000467	AI_EQ_1
180	0	UBERON_0018360PATO_0000462	AI_EQ_1
180	1	UBERON_0018360PATO_0000587	AI_EQ_1
180	2	UBERON_0018360PATO_0000586	AI_EQ_1
181	0	UBERON_0018295BFO_0000050UBERON_0018301PATO_0002448UBERON_0018293orUBERON_0018344orUBERON_0018298	AI_EQ_1
181	1	UBERON_0018295BFO_0000050UBERON_0018301PATO_0002448BSPOTEMP_659dc02e-cee1-49ee-96db-fd1988ce4f99BFO_0000050UBERON_0018288	AI_EQ_1
181	2	UBERON_0018295BFO_0000050UBERON_0018301PATO_0002448UBERON_0018272	AI_EQ_1
182	0	UBERONTEMP_4fd613b3-3fd4-422e-a2f7-d7a2cde79d60PATO_0000462	AI_EQ_1
182	1	UBERONTEMP_4fd613b3-3fd4-422e-a2f7-d7a2cde79d60PATO_0001495	AI_EQ_1
182	2	UBERONTEMP_4fd613b3-3fd4-422e-a2f7-d7a2cde79d60PATO_0005012	AI_EQ_1
183	0	UBERON_4300134BFO_0000053PATOTEMP_b415c39d-99b0-4745-a81d-ede3cfe8e963PATO_0000462	AI_EQ_1
183	1	UBERON_4300134BFO_0000053PATOTEMP_b415c39d-99b0-4745-a81d-ede3cfe8e963PATO_0000467	AI_EQ_1
184	0	BSPOTEMP_aede1f44-ef1c-477d-b5aa-b5fb9a9f2b15BFO_0000050UBERON_0004742PATO_0002180	AI_EQ_1
184	1	BSPOTEMP_aede1f44-ef1c-477d-b5aa-b5fb9a9f2b15BFO_0000050UBERON_0004742PATO_0001857	AI_EQ_1
184	2	BSPOTEMP_aede1f44-ef1c-477d-b5aa-b5fb9a9f2b15BFO_0000050UBERON_0004742PATO_0001355	AI_EQ_1
184	3	BSPOTEMP_aede1f44-ef1c-477d-b5aa-b5fb9a9f2b15BFO_0000050UBERON_0004742PATO_0002538	AI_EQ_1
185	0	UBERON_0018359PATO_0001505UBERON_0018359	AI_EQ_1
185	1	UBERON_0018359PATO_0001961UBERON_0018359	AI_EQ_1
186	0	UBERON_0004339PATO_0002433	AI_EQ_1
186	0	UBERON_0004339PATOTEMP_6734e62a-dd4a-43cc-8e59-c6ac7280e12c	AI_EQ_2
186	1	UBERON_0004339PATOTEMP_61fccf20-f648-4108-b17e-4c330b909458	AI_EQ_1
186	2	UBERON_0004339PATO_0001925PHENOSCAPE_complement_ofPATO_0002433	AI_EQ_1
186	3	UBERON_0004339PATO_0002433	AI_EQ_1
186	3	UBERON_0004339PATO_0002358	AI_EQ_2
187	0	UBERONTEMP_3284c377-3cb0-42d5-be7e-a82623ff323aPATO_0000122PHENOSCAPE_complement_ofPATO_0000122PATO_0002304PATO_0000122BFO_0000052UBERONTEMP_e635c186-8d95-4cf0-a849-cd91419e864b	AI_EQ_1
187	0	UBERONTEMP_683c301c-fd17-4bc2-9a58-aacf82c24aeePATO_0000122PHENOSCAPE_complement_ofPATO_0000122PATO_0002304PATO_0000122BFO_0000052UBERONTEMP_e635c186-8d95-4cf0-a849-cd91419e864b	AI_EQ_2
187	1	UBERONTEMP_3284c377-3cb0-42d5-be7e-a82623ff323aPATO_0000122PATO_0002304PATO_0000122BFO_0000052UBERONTEMP_e635c186-8d95-4cf0-a849-cd91419e864b	AI_EQ_1
187	1	UBERONTEMP_683c301c-fd17-4bc2-9a58-aacf82c24aeePATO_0000122PATO_0002304PATO_0000122BFO_0000052UBERONTEMP_e635c186-8d95-4cf0-a849-cd91419e864b	AI_EQ_2
188	0	UBERON_4200018PATO_0000462	AI_EQ_1
188	1	UBERON_4200018PATOTEMP_4cd5d463-bbe6-44ed-aacf-a77869cfb03a	AI_EQ_1
188	2	UBERON_4200018PATOTEMP_d6bdbb19-8950-4dfd-af6f-2794c50b1c02	AI_EQ_1
189	0	UBERON_0001300PATO_0001961UBERON_0000989	AI_EQ_1
189	1	UBERON_0001300PATO_0001505UBERON_0000989	AI_EQ_1
190	0	UBERONTEMP_94f0b1bc-80a4-4342-8b3b-c101c07a8f6dPATO_0000462	AI_EQ_1
190	1	UBERONTEMP_94f0b1bc-80a4-4342-8b3b-c101c07a8f6dPATO_0000587	AI_EQ_1
190	1	UBERONTEMP_94f0b1bc-80a4-4342-8b3b-c101c07a8f6dPATO_0005020	AI_EQ_2
190	2	UBERONTEMP_94f0b1bc-80a4-4342-8b3b-c101c07a8f6dPATO_0000586	AI_EQ_1
191	0	UBERON_0002542RO_0002221UBERON_2001612PATO_0000462	AI_EQ_1
191	1	UBERON_0002542RO_0002221UBERON_2001612PATO_0000467	AI_EQ_1
192	0	UBERON_0003675BFO_0000050UBERON_0018604PATO_0000051PHENOSCAPE_complement_ofPATO_0005006UBERON_0003677BFO_0000050UBERON_0018604	AI_EQ_1
192	1	UBERON_0003675BFO_0000050UBERON_0018604PATO_0005006UBERON_0003677BFO_0000050UBERON_0018604	AI_EQ_1
193	0	UBERON_0004529BFO_0000050BSPO_0000082BFO_0000050BSPO_0000072BFO_0000050UBERON_0001682PATO_0000462	AI_EQ_1
193	1	UBERON_0004529BFO_0000050BSPO_0000082BFO_0000050BSPO_0000072BFO_0000050UBERON_0001682PATO_0001482	AI_EQ_1
193	1	UBERON_0004529BFO_0000050BSPO_0000082BFO_0000050BSPO_0000072BFO_0000050UBERON_0001682PATO_0002503	AI_EQ_2
194	0	UBERON_0007601BFO_0000050UBERON_0000162BFO_0000050UBERON_0003100PATO_0000467	AI_EQ_1
194	1	UBERON_0007601BFO_0000050UBERON_0000162BFO_0000050UBERON_0003100PATO_0000462	AI_EQ_1
195	0	UBERON_0010290PATO_0000117PHENOSCAPE_complement_ofPATO_0000586	AI_EQ_1
195	1	UBERON_0010290PATO_0000586	AI_EQ_1
196	0	UBERON_0000209PATO_0001505UBERONTEMP_f8c897f0-4f0d-4814-8e4c-b6ec037a6ba6	AI_EQ_1
196	1	UBERON_0000209PATO_0001961UBERONTEMP_f8c897f0-4f0d-4814-8e4c-b6ec037a6ba6	AI_EQ_1
196	2	UBERON_0002397PATO_0000462	AI_EQ_1
197	0	UBERON_0018320RO_0002220UBERON_0007756PATO_0000462	AI_EQ_1
197	1	UBERON_0018320RO_0002220UBERON_0007756PATO_0000467	AI_EQ_1
198	0	UBERON_0008803BFO_0000053PATO_0000591PATO_0000462	AI_EQ_1
198	1	UBERON_0008803BFO_0000053PATO_0000591PATO_0000467	AI_EQ_1
199	0	UBERON_0018289BFO_0000050UBERON_0018580PATO_0005019	AI_EQ_1
199	1	UBERON_0018289BFO_0000050UBERON_0018580PATOTEMP_41c01dfb-58d6-496f-ba30-1dd765dac4a4	AI_EQ_1
200	0	UBERON_0003675BFO_0000050UBERON_0018285PATO_0005008	AI_EQ_1
200	1	UBERON_0003675BFO_0000050UBERON_0018285PATO_0005007	AI_EQ_1
201	0	UBERON_0018276PATOTEMP_499c1f37-c1fe-456a-86be-ce5f94a44782	AI_EQ_1
201	1	UBERON_0018276PATOTEMP_90107b2b-e954-4469-8e9f-f19a5c6eb557	AI_EQ_1
201	2	UBERON_0018276PATO_0000462	AI_EQ_1
202	0	UBERON_0004746PATO_0001505UBERON_0000210	AI_EQ_1
202	1	UBERON_0004746PATO_0001961UBERON_0000210	AI_EQ_1
203	0	UBERON_0001430PATO_0000651UBERON_0001431	AI_EQ_1
203	1	UBERON_0001430PATO_0000642UBERON_0001431	AI_EQ_1
